DBN,Zip_Code,Lat,Lon,Private_School_Count,Planned_Housing_Units,School_Age_Pop_2019,School_Age_Pop_2020,School_Age_Pop_2021,School_Age_Pop_2022,School_Age_Pop_2023
02M047,10010,40.73837,-73.9813,0,0.0,4563,4603,4318,4414,4066
14K610,11222,40.72145,-73.9533,0,0.0,4100,4207,4984,5099,5301
06M540,10031,40.8185,-73.9499,0,0.0,9722,9683,10108,9190,9144
24Q290,,,,0,0.0,0,0,0,0,0
21K410,11235,40.58263,-73.9687,0,0.0,14390,13781,15047,14176,13916
84X491,,,,0,0.0,0,0,0,0,0
30Q301,11101,40.74296,-73.9592,0,0.0,5611,5773,5762,5053,5688
17K382,11226,40.6496,-73.9572,0,0.0,22108,20534,19770,18944,18479
18K637,11236,40.63445,-73.9169,0,0.0,22945,22174,22914,21790,20165
32K403,11237,40.69646,-73.9118,0,0.0,10015,8573,8769,7496,6454
17K751,11213,40.67591,-73.9393,0,0.0,15552,14948,15665,16216,16175
09X365,10453,40.84942,-73.9152,0,0.0,22678,21380,21783,21673,20105
30Q235,,,,0,0.0,0,0,0,0,0
10X363,,,,0,0.0,0,0,0,0,0
11X270,10466,40.88824,-73.8527,0,0.0,17073,16360,17106,16866,18278
02M546,10003,40.73536,-73.9871,0,85403.0,3374,3923,3721,3866,3792
19K404,11208,,,0,0.0,27510,27624,29442,28716,28382
30Q575,11101,40.75114,-73.9376,0,0.0,5611,5773,5762,5053,5688
07X343,,,,0,0.0,0,0,0,0,0
13K492,,,,0,0.0,0,0,0,0,0
24Q264,11101,40.74418,-73.937,0,0.0,5611,5773,5762,5053,5688
17K408,11226,40.6496,-73.9572,0,0.0,22108,20534,19770,18944,18479
19K618,11208,40.693,-73.8693,0,0.0,27510,27624,29442,28716,28382
27Q309,11691,40.60154,-73.764,0,0.0,20928,20909,22035,20933,19479
07X298,,,,0,0.0,0,0,0,0,0
84Q359,,,,0,0.0,0,0,0,0,0
12X341,,,,0,0.0,0,0,0,0,0
84K774,,,,0,0.0,0,0,0,0,0
84K680,,,,0,0.0,0,0,0,0,0
84K626,,,,0,0.0,0,0,0,0,0
84K538,,,,0,0.0,0,0,0,0,0
84K356,,,,0,0.0,0,0,0,0,0
84K358,,,,0,0.0,0,0,0,0,0
84K508,,,,0,0.0,0,0,0,0,0
84Q416,,,,0,0.0,0,0,0,0,0
84K788,,,,0,0.0,0,0,0,0,0
84K784,,,,0,0.0,0,0,0,0,0
84K876,,,,0,0.0,0,0,0,0,0
84X611,,,,0,0.0,0,0,0,0,0
30Q126,,,,0,0.0,0,0,0,0,0
07X600,10451,40.81865,-73.9199,0,0.0,12321,12131,11998,12642,11031
32K554,11237,40.69738,-73.9132,0,0.0,10015,8573,8769,7496,6454
84M705,,,,0,0.0,0,0,0,0,0
84M390,,,,0,0.0,0,0,0,0,0
84X592,,,,0,0.0,0,0,0,0,0
84X471,,,,0,0.0,0,0,0,0,0
06M311,,,,0,0.0,0,0,0,0,0
10X344,,,,0,0.0,0,0,0,0,0
22K240,,,,0,0.0,0,0,0,0,0
08X376,10473,40.82122,-73.8559,0,0.0,15052,14306,14139,13602,12983
12X531,,,,0,0.0,0,0,0,0,0
08X367,10473,40.81504,-73.8561,0,0.0,15052,14306,14139,13602,12983
02M630,10019,40.75925,-73.9672,0,0.0,3451,3057,2934,2766,2716
12X446,,,,0,0.0,0,0,0,0,0
17K646,,,,0,0.0,0,0,0,0,0
11X299,10469,40.86044,-73.8607,0,0.0,15217,14965,16427,15948,15741
84X460,,,,0,0.0,0,0,0,0,0
27Q400,11434,40.67395,-73.7827,0,0.0,14827,14165,14986,15461,14701
24Q610,11101,40.74331,-73.9296,0,0.0,5611,5773,5762,5053,5688
30Q580,11106,40.75498,-73.927,0,0.0,5442,5452,6062,5964,6246
02M442,,,,0,0.0,0,0,0,0,0
01M696,10002,40.71828,-73.9761,0,272414.0,9477,9733,10321,10028,10121
24Q299,11101,40.74418,-73.937,0,0.0,5611,5773,5762,5053,5688
02M411,10010,40.74189,-73.9857,0,0.0,4563,4603,4318,4414,4066
02M276,,,,0,0.0,0,0,0,0,0
11X169,,,,0,0.0,0,0,0,0,0
11X532,,,,0,0.0,0,0,0,0,0
26Q495,11361,40.7714,-73.781,0,0.0,4684,4989,5733,5517,6100
03M479,10036,40.76086,-73.9963,0,0.0,2074,1861,2097,2108,2119
13K595,11216,40.68549,-73.9537,0,0.0,8957,8944,8901,9680,8428
10X077,,,,0,0.0,0,0,0,0,0
84K648,,,,0,0.0,0,0,0,0,0
84K782,,,,0,0.0,0,0,0,0,0
84K037,,,,0,0.0,0,0,0,0,0
25Q294,,,,0,0.0,0,0,0,0,0
10X434,10458,40.85947,-73.8886,0,0.0,23389,23063,23286,21249,19679
13K670,11205,40.69539,-73.9688,0,0.0,13231,13800,15223,15487,14475
29Q313,11411,40.69879,-73.7463,0,0.0,3543,3612,3618,3496,3484
26Q415,11364,40.75234,-73.7573,0,0.0,7145,7153,7989,7948,7417
84X613,,,,0,0.0,0,0,0,0,0
16K455,11213,40.67848,-73.9316,0,0.0,15552,14948,15665,16216,16175
84X465,,,,0,0.0,0,0,0,0,0
84R076,,,,0,0.0,0,0,0,0,0
13K915,,,,0,0.0,0,0,0,0,0
16K627,,,,0,0.0,0,0,0,0,0
84X628,,,,0,0.0,0,0,0,0,0
84X387,,,,0,0.0,0,0,0,0,0
84X629,,,,0,0.0,0,0,0,0,0
84X586,,,,0,0.0,0,0,0,0,0
08X424,,,,0,0.0,0,0,0,0,0
10X264,10458,40.85539,-73.8825,0,0.0,23389,23063,23286,21249,19679
11X290,10467,40.87517,-73.8616,0,0.0,25413,25646,26137,23339,22698
84X419,,,,0,0.0,0,0,0,0,0
11X545,10467,40.87517,-73.8616,0,0.0,25413,25646,26137,23339,22698
11X355,,,,0,0.0,0,0,0,0,0
08X537,,,,0,0.0,0,0,0,0,0
84X619,,,,0,0.0,0,0,0,0,0
08X432,10473,40.82122,-73.8559,0,0.0,15052,14306,14139,13602,12983
12X479,10456,40.82693,-73.9006,0,0.0,25983,24695,24654,23966,24039
09X260,10456,40.83388,-73.9028,0,0.0,25983,24695,24654,23966,24039
84X718,,,,0,0.0,0,0,0,0,0
84X484,,,,0,0.0,0,0,0,0,0
84X407,,,,0,0.0,0,0,0,0,0
84X255,,,,0,0.0,0,0,0,0,0
84X579,,,,0,0.0,0,0,0,0,0
84X589,,,,0,0.0,0,0,0,0,0
84X608,,,,0,0.0,0,0,0,0,0
84X620,,,,0,0.0,0,0,0,0,0
84X730,,,,0,0.0,0,0,0,0,0
10X351,10468,40.87996,-73.889,0,0.0,21333,20905,22105,21512,20563
09X227,10457,40.83931,-73.9114,0,0.0,22636,23171,24307,23525,22466
84X398,,,,0,0.0,0,0,0,0,0
08X377,,,,0,0.0,0,0,0,0,0
08X561,10473,40.82122,-73.8559,0,0.0,15052,14306,14139,13602,12983
10X308,,,,0,0.0,0,0,0,0,0
08X392,,,,0,0.0,0,0,0,0,0
07X522,10451,40.81865,-73.9199,0,0.0,12321,12131,11998,12642,11031
09X324,10456,40.82801,-73.9177,0,0.0,25983,24695,24654,23966,24039
10X213,10463,40.87738,-73.9127,0,0.0,15209,14664,15827,15267,15362
12X511,10460,40.83625,-73.8906,0,0.0,15989,15740,15337,15700,16203
84X389,,,,0,0.0,0,0,0,0,0
11X326,,,,0,0.0,0,0,0,0,0
07X381,,,,0,0.0,0,0,0,0,0
11X249,10475,40.87404,-73.8317,0,0.0,6746,7858,7368,8562,8044
10X439,10458,40.85947,-73.8886,0,0.0,23389,23063,23286,21249,19679
09X413,10457,40.83931,-73.9114,0,0.0,22636,23171,24307,23525,22466
11X418,10462,40.85158,-73.8644,0,0.0,16088,16877,18654,18263,17730
11X253,10467,40.87517,-73.8616,0,0.0,25413,25646,26137,23339,22698
09X412,10457,40.83931,-73.9114,0,0.0,22636,23171,24307,23525,22466
09X403,10456,40.82746,-73.9039,0,0.0,25983,24695,24654,23966,24039
11X265,10467,40.87517,-73.8616,0,0.0,25413,25646,26137,23339,22698
12X267,10456,40.82693,-73.9006,0,0.0,25983,24695,24654,23966,24039
09X525,10457,40.84325,-73.903,0,0.0,22636,23171,24307,23525,22466
07X527,10451,40.82183,-73.9224,0,0.0,12321,12131,11998,12642,11031
07X625,,,,0,0.0,0,0,0,0,0
12X691,,,,0,0.0,0,0,0,0,0
11X556,,,,0,0.0,0,0,0,0,0
84X703,,,,0,0.0,0,0,0,0,0
12X480,,,,0,0.0,0,0,0,0,0
08X349,10461,40.83978,-73.8396,0,0.0,9899,10791,11430,11027,11036
09X505,10451,40.82746,-73.919,0,0.0,12321,12131,11998,12642,11031
10X284,10463,40.87738,-73.9127,0,0.0,15209,14664,15827,15267,15362
08X269,10459,40.82039,-73.893,0,0.0,12847,12566,13486,13671,13864
10X546,10463,40.87738,-73.9127,0,0.0,15209,14664,15827,15267,15362
09X323,,,,0,0.0,0,0,0,0,0
11X508,10469,40.86044,-73.8607,0,0.0,15217,14965,16427,15948,15741
13K553,,,,0,0.0,0,0,0,0,0
17K547,11225,40.66981,-73.9607,0,0.0,10174,9657,10247,9790,9665
14K414,,,,0,0.0,0,0,0,0,0
17K705,,,,0,0.0,0,0,0,0,0
84K652,,,,0,0.0,0,0,0,0,0
18K578,,,,0,0.0,0,0,0,0,0
16K628,,,,0,0.0,0,0,0,0,0
84K701,,,,0,0.0,0,0,0,0,0
15K448,11231,40.67946,-74.002,0,0.0,9600,9519,10071,8980,9554
22K555,11218,40.64906,-73.9723,0,0.0,19622,20016,21012,19225,17945
23K493,11233,40.67446,-73.9127,0,0.0,19189,18062,19701,17353,16999
13K412,11205,40.69202,-73.9582,0,0.0,13231,13800,15223,15487,14475
18K566,11236,40.63445,-73.9169,0,0.0,22945,22174,22914,21790,20165
23K643,,,,0,0.0,0,0,0,0,0
84K791,,,,0,0.0,0,0,0,0,0
84K780,,,,0,0.0,0,0,0,0,0
84K892,,,,0,0.0,0,0,0,0,0
23K664,,,,0,0.0,0,0,0,0,0
84K731,,,,0,0.0,0,0,0,0,0
15K423,11201,40.69001,-73.9894,0,0.0,10847,11509,12569,12300,11344
19K557,,,,0,0.0,0,0,0,0,0
16K498,11221,40.6884,-73.9206,0,0.0,16185,16512,16496,15769,15454
13K616,,,,0,0.0,0,0,0,0,0
15K656,11217,40.68395,-73.9803,0,0.0,7473,8190,7937,8135,7772
17K745,11203,40.65867,-73.9438,0,0.0,15813,15765,15236,14669,14275
13K439,11201,40.69733,-73.9845,0,0.0,10847,11509,12569,12300,11344
19K639,11208,40.693,-73.8693,0,0.0,27510,27624,29442,28716,28382
84K803,,,,0,0.0,0,0,0,0,0
23K599,,,,0,0.0,0,0,0,0,0
14K449,11206,40.70977,-73.9445,0,0.0,24976,24502,25763,24655,24192
14K488,11211,40.71556,-73.9548,0,0.0,25215,26359,13969,13921,13524
84K707,,,,0,0.0,0,0,0,0,0
84K879,,,,0,0.0,0,0,0,0,0
84K766,,,,0,0.0,0,0,0,0,0
84K928,,,,0,0.0,0,0,0,0,0
84K937,,,,0,0.0,0,0,0,0,0
84K740,,,,0,0.0,0,0,0,0,0
17K548,11225,40.66981,-73.9607,0,0.0,10174,9657,10247,9790,9665
20K686,,,,0,0.0,0,0,0,0,0
18K763,,,,0,0.0,0,0,0,0,0
21K690,11214,40.60498,-73.9951,0,0.0,19629,19278,20314,19452,19359
13K430,11217,40.6889,-73.9764,0,0.0,7473,8190,7937,8135,7772
18K567,11236,40.63445,-73.9169,0,0.0,22945,22174,22914,21790,20165
84K758,,,,0,0.0,0,0,0,0,0
21K840,,,,0,0.0,0,0,0,0,0
84M522,,,,0,0.0,0,0,0,0,0
17K568,,,,0,0.0,0,0,0,0,0
84K737,,,,0,0.0,0,0,0,0,0
23K363,,,,0,0.0,0,0,0,0,0
84K710,,,,0,0.0,0,0,0,0,0
84K793,,,,0,0.0,0,0,0,0,0
32K564,,,,0,0.0,0,0,0,0,0
32K556,11221,40.69544,-73.9273,0,0.0,16185,16512,16496,15769,15454
02M393,10019,40.76366,-73.9903,0,0.0,3451,3057,2934,2766,2716
26Q315,11427,40.73389,-73.7397,0,0.0,5194,5111,5174,4988,4460
29Q326,11423,40.71186,-73.7712,0,0.0,5816,5764,6073,5321,5277
84K759,,,,0,0.0,0,0,0,0,0
84X627,,,,0,0.0,0,0,0,0,0
84M204,,,,0,0.0,0,0,0,0,0
84X599,,,,0,0.0,0,0,0,0,0
07X548,10451,40.82183,-73.9224,0,0.0,12321,12131,11998,12642,11031
01M650,,,,0,0.0,0,0,0,0,0
06M513,,,,0,0.0,0,0,0,0,0
28Q072,,,,0,0.0,0,0,0,0,0
10X442,10468,40.86906,-73.8971,0,0.0,21333,20905,22105,21512,20563
84K790,,,,0,0.0,0,0,0,0,0
04M555,10029,40.79365,-73.9485,0,0.0,15698,14415,14207,13641,14093
04M497,,,,0,0.0,0,0,0,0,0
04M964,,,,0,0.0,0,0,0,0,0
84Q083,,,,0,0.0,0,0,0,0,0
84Q340,,,,0,0.0,0,0,0,0,0
27Q262,11694,40.58601,-73.8253,0,0.0,4075,4453,4633,4844,4923
84X429,,,,0,0.0,0,0,0,0,0
02M615,10013,40.72463,-74.0051,0,0.0,4780,4440,4259,4145,3789
84X124,,,,0,0.0,0,0,0,0,0
84X554,,,,0,0.0,0,0,0,0,0
23K401,,,,0,0.0,0,0,0,0,0
06M293,10040,40.86095,-73.9301,0,0.0,7895,8175,8043,7658,6566
02M933,,,,0,0.0,0,0,0,0,0
13K674,11201,40.69544,-73.9861,0,0.0,10847,11509,12569,12300,11344
24Q293,11373,40.74323,-73.8715,0,0.0,18592,19984,21868,21933,20647
17K600,11225,40.66981,-73.9607,0,0.0,10174,9657,10247,9790,9665
09X564,10457,40.83931,-73.9114,0,0.0,22636,23171,24307,23525,22466
15K519,11201,40.68487,-73.9909,0,0.0,10847,11509,12569,12300,11344
29Q355,,,,0,0.0,0,0,0,0,0
25Q379,,,,0,0.0,0,0,0,0,0
84K807,,,,0,0.0,0,0,0,0,0
11X288,10469,40.86044,-73.8607,0,0.0,15217,14965,16427,15948,15741
05M362,10027,40.81079,-73.9557,0,0.0,11463,11258,11660,11935,11628
03M258,,,,0,0.0,0,0,0,0,0
06M346,10032,40.8337,-73.9421,0,0.0,9206,7593,7756,8409,7339
06M328,,,,0,0.0,0,0,0,0,0
84K702,,,,0,0.0,0,0,0,0,0
84K536,,,,0,0.0,0,0,0,0,0
07X427,10451,40.81571,-73.93,0,0.0,12321,12131,11998,12642,11031
29Q356,,,,0,0.0,0,0,0,0,0
84K789,,,,0,0.0,0,0,0,0,0
09X327,10452,40.8425,-73.9161,0,0.0,21601,21041,22573,21495,21170
31R470,,,,0,0.0,0,0,0,0,0
07X359,,,,0,0.0,0,0,0,0,0
84K744,,,,0,0.0,0,0,0,0,0
14K577,,,,0,0.0,0,0,0,0,0
11X189,,,,0,0.0,0,0,0,0,0
11X462,,,,0,0.0,0,0,0,0,0
24Q311,,,,0,0.0,0,0,0,0,0
84X612,,,,0,0.0,0,0,0,0,0
10X447,,,,0,0.0,0,0,0,0,0
10X524,10458,40.85539,-73.8825,0,0.0,23389,23063,23286,21249,19679
31R047,10314,40.58196,-74.1593,0,0.0,19428,19163,19965,20137,19404
12X626,,,,0,0.0,0,0,0,0,0
18K629,11203,40.64773,-73.9222,0,0.0,15813,15765,15236,14669,14275
84K792,,,,0,0.0,0,0,0,0,0
31R450,10301,40.64544,-74.0821,0,0.0,7807,7902,7625,8349,8721
15K463,11215,40.66926,-73.9786,0,0.0,15164,15260,16437,16175,15342
29Q037,,,,0,0.0,0,0,0,0,0
84K910,,,,0,0.0,0,0,0,0,0
19K659,11208,40.693,-73.8693,0,0.0,27510,27624,29442,28716,28382
28Q048,,,,0,0.0,0,0,0,0,0
84M350,,,,0,0.0,0,0,0,0,0
84M065,,,,0,0.0,0,0,0,0,0
84M481,,,,0,0.0,0,0,0,0,0
10X440,10468,40.87996,-73.889,0,0.0,21333,20905,22105,21512,20563
15K429,11201,40.68501,-73.9933,0,0.0,10847,11509,12569,12300,11344
10X549,10468,40.86906,-73.8971,0,0.0,21333,20905,22105,21512,20563
13K869,,,,0,0.0,0,0,0,0,0
02M391,,,,0,0.0,0,0,0,0,0
20K768,,,,0,0.0,0,0,0,0,0
25Q409,,,,0,0.0,0,0,0,0,0
27Q336,,,,0,0.0,0,0,0,0,0
29Q381,,,,0,0.0,0,0,0,0,0
30Q389,,,,0,0.0,0,0,0,0,0
13K313,,,,0,0.0,0,0,0,0,0
06M103,,,,0,0.0,0,0,0,0,0
17K012,,,,0,0.0,0,0,0,0,0
84X482,,,,0,0.0,0,0,0,0,0
13K265,11205,40.69718,-73.9761,0,0.0,13231,13800,15223,15487,14475
84M382,,,,0,0.0,0,0,0,0,0
84X639,,,,0,0.0,0,0,0,0,0
84X614,,,,0,0.0,0,0,0,0,0
09X329,10457,40.83931,-73.9114,0,0.0,22636,23171,24307,23525,22466
12X190,,,,0,0.0,0,0,0,0,0
09X231,10457,40.84537,-73.8975,0,0.0,22636,23171,24307,23525,22466
23K644,11233,40.67812,-73.9151,0,0.0,19189,18062,19701,17353,16999
29Q327,11434,40.69172,-73.7789,0,0.0,14827,14165,14986,15461,14701
05M148,10030,40.81723,-73.9472,0,0.0,6092,5908,6376,5793,5977
84X635,,,,0,0.0,0,0,0,0,0
01M364,,,,0,0.0,0,0,0,0,0
12X271,10460,40.83682,-73.8877,0,0.0,15989,15740,15337,15700,16203
84K929,,,,0,0.0,0,0,0,0,0
18K673,,,,0,0.0,0,0,0,0,0
30Q329,,,,0,0.0,0,0,0,0,0
84K934,,,,0,0.0,0,0,0,0,0
84M518,,,,0,0.0,0,0,0,0,0
84M168,,,,0,0.0,0,0,0,0,0
19K677,,,,0,0.0,0,0,0,0,0
19K409,11207,40.6611,-73.8867,0,0.0,20716,21588,23752,21806,20433
19K678,,,,0,0.0,0,0,0,0,0
79Q344,,,,0,0.0,0,0,0,0,0
01M450,10009,40.72915,-73.9825,0,0.0,6410,6210,6542,6144,6049
02M267,,,,0,0.0,0,0,0,0,0
02M114,,,,0,0.0,0,0,0,0,0
14K477,11211,40.71113,-73.9389,0,0.0,25215,26359,13969,13921,13524
25Q281,11355,40.74943,-73.8214,0,0.0,13769,13982,13278,12509,12705
17K352,,,,0,0.0,0,0,0,0,0
32K545,11221,40.69472,-73.9293,0,0.0,16185,16512,16496,15769,15454
84K911,,,,0,0.0,0,0,0,0,0
03M505,,,,0,0.0,0,0,0,0,0
21K525,11230,40.61967,-73.9591,0,0.0,24658,24071,25279,24631,23815
14K685,11211,40.70554,-73.9557,0,0.0,25215,26359,13969,13921,13524
02M416,10021,40.77029,-73.9533,0,0.0,6901,6532,7053,6414,6137
10X382,,,,0,0.0,0,0,0,0,0
17K353,,,,0,0.0,0,0,0,0,0
02M225,,,,0,0.0,0,0,0,0,0
84Q385,,,,0,0.0,0,0,0,0,0
24Q211,,,,0,0.0,0,0,0,0,0
84K406,,,,0,0.0,0,0,0,0,0
84X606,,,,0,0.0,0,0,0,0,0
02M394,,,,0,0.0,0,0,0,0,0
12X383,,,,0,0.0,0,0,0,0,0
30Q258,11106,40.75647,-73.9326,0,0.0,5442,5452,6062,5964,6246
10X397,,,,0,0.0,0,0,0,0,0
27Q334,11419,40.69301,-73.8294,0,0.0,8898,8769,8474,8226,7891
27Q314,11420,40.67502,-73.8167,0,0.0,9004,9231,9922,9180,9443
04M372,10029,40.79256,-73.9423,0,0.0,15698,14415,14207,13641,14093
02M294,10002,40.71733,-73.9893,0,272414.0,9477,9733,10321,10028,10121
32K562,,,,0,0.0,0,0,0,0,0
84K593,,,,0,0.0,0,0,0,0,0
84K712,,,,0,0.0,0,0,0,0,0
29Q265,11413,40.66903,-73.7577,0,0.0,8786,8475,9381,9026,9405
09X250,10456,40.83388,-73.9028,0,0.0,25983,24695,24654,23966,24039
12X251,10460,40.83625,-73.8906,0,0.0,15989,15740,15337,15700,16203
84K704,,,,0,0.0,0,0,0,0,0
84K742,,,,0,0.0,0,0,0,0,0
84K333,,,,0,0.0,0,0,0,0,0
84K379,,,,0,0.0,0,0,0,0,0
02M303,10019,40.76547,-73.9927,0,0.0,3451,3057,2934,2766,2716
12X314,,,,0,0.0,0,0,0,0,0
84X705,,,,0,0.0,0,0,0,0,0
84X233,,,,0,0.0,0,0,0,0,0
84X472,,,,0,0.0,0,0,0,0,0
84X640,,,,0,0.0,0,0,0,0,0
12X682,10460,40.83121,-73.8858,0,0.0,15989,15740,15337,15700,16203
12X286,,,,0,0.0,0,0,0,0,0
19K502,11207,40.66687,-73.8951,0,0.0,20716,21588,23752,21806,20433
03M485,10023,40.7742,-73.986,0,0.0,8483,8579,9261,9257,9970
84K933,,,,0,0.0,0,0,0,0,0
25Q460,11354,40.76489,-73.8268,0,0.0,8492,7965,7791,7283,7109
25Q263,11355,40.75996,-73.8184,0,0.0,13769,13982,13278,12509,12705
02M288,10019,40.76547,-73.9927,0,0.0,3451,3057,2934,2766,2716
10X437,10458,40.85947,-73.8886,0,0.0,23389,23063,23286,21249,19679
10X438,10458,40.85947,-73.8886,0,0.0,23389,23063,23286,21249,19679
28Q440,11375,40.73002,-73.844,0,0.0,13664,13015,14100,13563,14206
01M458,,,,0,0.0,0,0,0,0,0
13K691,,,,0,0.0,0,0,0,0,0
20K490,11209,40.62683,-74.0381,0,0.0,12544,13048,14291,14149,14042
31R010,,,,0,0.0,0,0,0,0,0
84Q380,,,,0,0.0,0,0,0,0,0
26Q430,11365,40.74088,-73.795,0,0.0,9033,8600,9683,10057,8790
03M417,10024,40.78613,-73.9745,0,0.0,9713,10381,11941,11023,10463
30Q501,11106,40.7561,-73.9252,0,0.0,5442,5452,6062,5964,6246
20K505,11204,40.6213,-73.9826,0,0.0,21546,21919,23627,24145,25677
05M499,10039,40.82399,-73.9357,0,0.0,6581,6306,6165,6564,6512
03M860,10026,40.80261,-73.9542,0,0.0,7267,7464,7791,7460,7007
09X517,10456,40.83349,-73.904,0,0.0,25983,24695,24654,23966,24039
12X273,,,,0,0.0,0,0,0,0,0
27Q260,11691,40.60154,-73.764,0,0.0,20928,20909,22035,20933,19479
23K514,11212,40.66557,-73.9121,0,0.0,16247,15904,17099,19387,21853
19K452,,,,0,0.0,0,0,0,0,0
84M861,,,,0,0.0,0,0,0,0,0
09X582,,,,0,0.0,0,0,0,0,0
31R064,10314,40.58196,-74.1593,0,0.0,19428,19163,19965,20137,19404
29Q272,11413,40.66903,-73.7577,0,0.0,8786,8475,9381,9026,9405
13K605,11201,40.69544,-73.9861,0,0.0,10847,11509,12569,12300,11344
84M330,,,,0,0.0,0,0,0,0,0
84X487,,,,0,0.0,0,0,0,0,0
84X630,,,,0,0.0,0,0,0,0,0
84M085,,,,0,0.0,0,0,0,0,0
27Q333,,,,0,0.0,0,0,0,0,0
08X452,10473,40.82122,-73.8559,0,0.0,15052,14306,14139,13602,12983
13K594,,,,0,0.0,0,0,0,0,0
30Q417,,,,0,0.0,0,0,0,0,0
02M374,10003,40.73536,-73.9871,0,85403.0,3374,3923,3721,3866,3792
84X165,,,,0,0.0,0,0,0,0,0
09X449,,,,0,0.0,0,0,0,0,0
84M202,,,,0,0.0,0,0,0,0,0
06M552,10032,,-73.9383,0,0.0,9206,7593,7756,8409,7339
24Q485,11385,40.71188,-73.9092,0,0.0,24319,21515,22069,20911,20261
84Q321,,,,0,0.0,0,0,0,0,0
84Q372,,,,0,0.0,0,0,0,0,0
07X259,10455,40.81067,-73.9075,0,0.0,12201,11492,12183,12476,11376
06M209,,,,0,0.0,0,0,0,0,0
06M349,,,,0,0.0,0,0,0,0,0
84M704,,,,0,0.0,0,0,0,0,0
84M284,,,,0,0.0,0,0,0,0,0
84M341,,,,0,0.0,0,0,0,0,0
84M186,,,,0,0.0,0,0,0,0,0
84M329,,,,0,0.0,0,0,0,0,0
84M708,,,,0,0.0,0,0,0,0,0
05M285,,,,0,0.0,0,0,0,0,0
84M335,,,,0,0.0,0,0,0,0,0
84M380,,,,0,0.0,0,0,0,0,0
84M709,,,,0,0.0,0,0,0,0,0
06M052,,,,0,0.0,0,0,0,0,0
84X706,,,,0,0.0,0,0,0,0,0
11X455,10475,40.87404,-73.8317,0,0.0,6746,7858,7368,8562,8044
02M534,10011,40.73642,-73.9957,0,0.0,4552,4491,4879,4793,4471
02M586,,,,0,0.0,0,0,0,0,0
27Q297,,,,0,0.0,0,0,0,0,0
07X670,10451,40.81571,-73.93,0,0.0,12321,12131,11998,12642,11031
29Q498,11411,40.69879,-73.7463,0,0.0,3543,3612,3618,3496,3484
84K746,,,,0,0.0,0,0,0,0,0
84K895,,,,0,0.0,0,0,0,0,0
24Q330,,,,0,0.0,0,0,0,0,0
84K362,,,,0,0.0,0,0,0,0,0
84R077,,,,0,0.0,0,0,0,0,0
08X405,10461,40.83978,-73.8396,0,0.0,9899,10791,11430,11027,11036
04M680,10029,40.79197,-73.9469,0,0.0,15698,14415,14207,13641,14093
24Q550,11368,40.73767,-73.8534,0,0.0,30109,28414,29582,27965,26340
19K504,11207,40.66687,-73.8951,0,0.0,20716,21588,23752,21806,20433
28Q328,11432,40.71455,-73.7987,0,0.0,13444,13662,14054,13440,13626
27Q650,11416,40.68918,-73.8415,0,0.0,6265,5722,6050,6340,5707
11X544,10467,40.87517,-73.8616,0,0.0,25413,25646,26137,23339,22698
02M545,10002,40.71733,-73.9893,0,272414.0,9477,9733,10321,10028,10121
10X565,10458,40.85539,-73.8825,0,0.0,23389,23063,23286,21249,19679
02M400,10019,40.76785,-73.9886,0,0.0,3451,3057,2934,2766,2716
06M423,10034,40.86556,-73.9255,0,0.0,8140,7918,8152,8052,7338
06M468,10040,40.85653,-73.9261,0,0.0,7895,8175,8043,7658,6566
02M420,10003,40.73267,-73.9826,0,85403.0,3374,3923,3721,3866,3792
18K617,11236,40.64054,-73.8986,0,0.0,22945,22174,22914,21790,20165
06M467,10040,40.85653,-73.9261,0,0.0,7895,8175,8043,7658,6566
28Q690,11434,40.68584,-73.7834,0,0.0,14827,14165,14986,15461,14701
03M492,10023,40.77489,-73.9856,0,0.0,8483,8579,9261,9257,9970
05M692,10031,40.82021,-73.9504,0,0.0,9722,9683,10108,9190,9144
06M463,10040,40.85653,-73.9261,0,0.0,7895,8175,8043,7658,6566
18K633,11236,40.64054,-73.8986,0,0.0,22945,22174,22914,21790,20165
17K546,11203,40.65867,-73.9438,0,0.0,15813,15765,15236,14669,14275
17K539,11226,40.6496,-73.9572,0,0.0,22108,20534,19770,18944,18479
10X433,10468,40.86906,-73.8971,0,0.0,21333,20905,22105,21512,20563
09X543,10456,40.82746,-73.9039,0,0.0,25983,24695,24654,23966,24039
17K537,11226,40.6496,-73.9572,0,0.0,22108,20534,19770,18944,18479
02M560,,,,0,0.0,0,0,0,0,0
10X696,10468,40.87473,-73.8955,0,0.0,21333,20905,22105,21512,20563
24Q267,11101,40.74418,-73.937,0,0.0,5611,5773,5762,5053,5688
03M494,10023,40.77489,-73.9856,0,0.0,8483,8579,9261,9257,9970
11X275,10467,40.87517,-73.8616,0,0.0,25413,25646,26137,23339,22698
02M489,10006,40.70927,-74.0123,0,0.0,338,342,351,319,301
02M296,10019,40.76547,-73.9927,0,0.0,3451,3057,2934,2766,2716
11X509,10469,40.86044,-73.8607,0,0.0,15217,14965,16427,15948,15741
21K348,11214,40.59303,-73.9863,0,0.0,19629,19278,20314,19452,19359
20K485,11220,40.63672,-74.0234,0,0.0,22462,21819,23342,23657,22920
12X550,10472,40.83251,-73.8782,0,0.0,18638,18387,18019,17006,17200
19K760,,,,0,0.0,0,0,0,0,0
28Q505,11432,40.70946,-73.803,0,0.0,13444,13662,14054,13440,13626
28Q325,11432,40.71455,-73.7987,0,0.0,13444,13662,14054,13440,13626
75M501,,,,0,0.0,0,0,0,0,0
75M401,,,,0,0.0,0,0,0,0,0
07X500,10455,40.81486,-73.912,0,0.0,12201,11492,12183,12476,11376
02M437,10011,40.74341,-74.0025,0,0.0,4552,4491,4879,4793,4471
02M605,10011,40.74341,-74.0025,0,0.0,4552,4491,4879,4793,4471
30Q291,,,,0,0.0,0,0,0,0,0
30Q384,,,,0,0.0,0,0,0,0,0
84K769,,,,0,0.0,0,0,0,0,0
22K381,,,,0,0.0,0,0,0,0,0
31R007,,,,0,0.0,0,0,0,0,0
30Q010,,,,0,0.0,0,0,0,0,0
31R024,,,,0,0.0,0,0,0,0,0
25Q025,,,,0,0.0,0,0,0,0,0
31R027,,,,0,0.0,0,0,0,0,0
31R034,,,,0,0.0,0,0,0,0,0
31R051,,,,0,0.0,0,0,0,0,0
29Q059,,,,0,0.0,0,0,0,0,0
24Q061,,,,0,0.0,0,0,0,0,0
31R061,,,,0,0.0,0,0,0,0,0
18K068,,,,0,0.0,0,0,0,0,0
31R072,,,,0,0.0,0,0,0,0,0
31R075,,,,0,0.0,0,0,0,0,0
24Q093,,,,0,0.0,0,0,0,0,0
21K096,,,,0,0.0,0,0,0,0,0
09X117,,,,0,0.0,0,0,0,0,0
24Q125,,,,0,0.0,0,0,0,0,0
15K136,,,,0,0.0,0,0,0,0,0
30Q141,,,,0,0.0,0,0,0,0,0
30Q145,,,,0,0.0,0,0,0,0,0
19K171,,,,0,0.0,0,0,0,0,0
11X181,,,,0,0.0,0,0,0,0,0
29Q192,,,,0,0.0,0,0,0,0,0
30Q204,,,,0,0.0,0,0,0,0,0
10X206,,,,0,0.0,0,0,0,0,0
18K211,,,,0,0.0,0,0,0,0,0
09X219,,,,0,0.0,0,0,0,0,0
30Q227,,,,0,0.0,0,0,0,0,0
21K228,,,,0,0.0,0,0,0,0,0
09X229,,,,0,0.0,0,0,0,0,0
30Q230,,,,0,0.0,0,0,0,0,0
09X232,,,,0,0.0,0,0,0,0,0
25Q237,,,,0,0.0,0,0,0,0,0
29Q238,,,,0,0.0,0,0,0,0,0
25Q250,,,,0,0.0,0,0,0,0,0
10X254,,,,0,0.0,0,0,0,0,0
21K281,,,,0,0.0,0,0,0,0,0
18K285,,,,0,0.0,0,0,0,0,0
02M289,,,,0,0.0,0,0,0,0,0
21K303,,,,0,0.0,0,0,0,0,0
09X313,,,,0,0.0,0,0,0,0,0
14K318,,,,0,0.0,0,0,0,0,0
09X339,,,,0,0.0,0,0,0,0,0
17K340,,,,0,0.0,0,0,0,0,0
32K347,,,,0,0.0,0,0,0,0,0
32K349,,,,0,0.0,0,0,0,0,0
19K364,,,,0,0.0,0,0,0,0,0
23K392,,,,0,0.0,0,0,0,0,0
31R049,,,,0,0.0,0,0,0,0,0
24Q005,,,,0,0.0,0,0,0,0,0
06M528,,,,0,0.0,0,0,0,0,0
07X584,,,,0,0.0,0,0,0,0,0
24Q073,,,,0,0.0,0,0,0,0,0
21K098,,,,0,0.0,0,0,0,0,0
31R002,,,,0,0.0,0,0,0,0,0
09X303,,,,0,0.0,0,0,0,0,0
12X318,,,,0,0.0,0,0,0,0,0
84X717,,,,0,0.0,0,0,0,0,0
84X378,,,,0,0.0,0,0,0,0,0
84X422,,,,0,0.0,0,0,0,0,0
84X496,,,,0,0.0,0,0,0,0,0
84X538,,,,0,0.0,0,0,0,0,0
84X133,,,,0,0.0,0,0,0,0,0
84X362,,,,0,0.0,0,0,0,0,0
84K785,,,,0,0.0,0,0,0,0,0
10X368,10463,40.87794,-73.9137,0,0.0,15209,14664,15827,15267,15362
02M544,10019,40.76785,-73.9886,0,0.0,3451,3057,2934,2766,2716
30Q502,11101,40.7485,-73.9465,0,0.0,5611,5773,5762,5053,5688
84M433,,,,0,0.0,0,0,0,0,0
03M404,,,,0,0.0,0,0,0,0,0
02M407,10003,40.73267,-73.9826,0,85403.0,3374,3923,3721,3866,3792
29Q243,11411,40.69879,-73.7463,0,0.0,3543,3612,3618,3496,3484
07X334,10454,40.81031,-73.9188,0,0.0,10695,10884,11155,10915,10577
21K337,11214,40.59303,-73.9863,0,0.0,19629,19278,20314,19452,19359
24Q530,11101,40.74325,-73.9333,0,0.0,5611,5773,5762,5053,5688
17K524,11225,40.66981,-73.9607,0,0.0,10174,9657,10247,9790,9665
02M438,10003,40.73536,-73.9871,0,85403.0,3374,3923,3721,3866,3792
24Q236,11373,40.74082,-73.8741,0,0.0,18592,19984,21868,21933,20647
84X347,,,,0,0.0,0,0,0,0,0
10X342,10468,40.86906,-73.8971,0,0.0,21333,20905,22105,21512,20563
84M478,,,,0,0.0,0,0,0,0,0
06M211,10034,40.86556,-73.9255,0,0.0,8140,7918,8152,8052,7338
26Q172,,,,0,0.0,0,0,0,0,0
04M825,,,,0,0.0,0,0,0,0,0
18K563,11203,40.64773,-73.9222,0,0.0,15813,15765,15236,14669,14275
84K927,,,,0,0.0,0,0,0,0,0
75X754,,,,0,0.0,0,0,0,0,0
28Q008,,,,0,0.0,0,0,0,0,0
22K014,,,,0,0.0,0,0,0,0,0
09X022,,,,0,0.0,0,0,0,0,0
14K050,,,,0,0.0,0,0,0,0,0
03M054,,,,0,0.0,0,0,0,0,0
20K062,,,,0,0.0,0,0,0,0,0
26Q067,,,,0,0.0,0,0,0,0,0
26Q074,,,,0,0.0,0,0,0,0,0
22K078,,,,0,0.0,0,0,0,0,0
10X080,,,,0,0.0,0,0,0,0,0
15K088,,,,0,0.0,0,0,0,0,0
12X098,,,,0,0.0,0,0,0,0,0
02M104,,,,0,0.0,0,0,0,0,0
10X118,,,,0,0.0,0,0,0,0,0
08X123,,,,0,0.0,0,0,0,0,0
11X127,,,,0,0.0,0,0,0,0,0
08X131,,,,0,0.0,0,0,0,0,0
06M143,,,,0,0.0,0,0,0,0,0
11X144,,,,0,0.0,0,0,0,0,0
28Q157,,,,0,0.0,0,0,0,0,0
32K162,,,,0,0.0,0,0,0,0,0
02M167,,,,0,0.0,0,0,0,0,0
25Q185,,,,0,0.0,0,0,0,0,0
25Q189,,,,0,0.0,0,0,0,0,0
28Q190,,,,0,0.0,0,0,0,0,0
25Q194,,,,0,0.0,0,0,0,0,0
27Q202,,,,0,0.0,0,0,0,0,0
27Q210,,,,0,0.0,0,0,0,0,0
26Q216,,,,0,0.0,0,0,0,0,0
28Q217,,,,0,0.0,0,0,0,0,0
19K218,,,,0,0.0,0,0,0,0,0
20K220,,,,0,0.0,0,0,0,0,0
20K223,,,,0,0.0,0,0,0,0,0
27Q226,,,,0,0.0,0,0,0,0,0
20K227,,,,0,0.0,0,0,0,0,0
22K234,,,,0,0.0,0,0,0,0,0
20K259,,,,0,0.0,0,0,0,0,0
22K278,,,,0,0.0,0,0,0,0,0
32K291,,,,0,0.0,0,0,0,0,0
19K292,,,,0,0.0,0,0,0,0,0
32K383,,,,0,0.0,0,0,0,0,0
02M529,10036,40.75763,-73.9835,0,0.0,2074,1861,2097,2108,2119
28Q312,,,,0,0.0,0,0,0,0,0
28Q350,11432,40.71455,-73.7987,0,0.0,13444,13662,14054,13440,13626
02M313,,,,0,0.0,0,0,0,0,0
22K425,11229,40.6105,-73.9477,0,0.0,17889,17875,19552,17901,17948
04M057,,,,0,0.0,0,0,0,0,0
29Q109,,,,0,0.0,0,0,0,0,0
07X379,,,,0,0.0,0,0,0,0,0
27Q480,11417,40.68007,-73.8386,0,0.0,6901,7257,8292,7428,6745
25Q425,11367,40.73745,-73.8238,0,0.0,10127,9832,9969,10615,10170
21K540,11223,40.58807,-73.9819,0,0.0,20877,20789,21836,21509,21810
14K126,,,,0,0.0,0,0,0,0,0
75Q721,,,,0,0.0,0,0,0,0,0
15K462,11215,40.66926,-73.9786,0,0.0,15164,15260,16437,16175,15342
84M707,,,,0,0.0,0,0,0,0,0
84R067,,,,0,0.0,0,0,0,0,0
10X228,,,,0,0.0,0,0,0,0,0
24Q077,,,,0,0.0,0,0,0,0,0
14K071,11206,40.704,-73.9533,0,0.0,24976,24502,25763,24655,24192
09X215,,,,0,0.0,0,0,0,0,0
12X316,,,,0,0.0,0,0,0,0,0
23K518,,,,0,0.0,0,0,0,0,0
84K912,,,,0,0.0,0,0,0,0,0
15K592,11217,40.68615,-73.9798,0,0.0,7473,8190,7937,8135,7772
84K608,,,,0,0.0,0,0,0,0,0
21K468,11214,40.59303,-73.9863,0,0.0,19629,19278,20314,19452,19359
10X268,10468,40.86906,-73.8971,0,0.0,21333,20905,22105,21512,20563
84X704,,,,0,0.0,0,0,0,0,0
84K357,,,,0,0.0,0,0,0,0,0
84M389,,,,0,0.0,0,0,0,0,0
84X616,,,,0,0.0,0,0,0,0,0
84X617,,,,0,0.0,0,0,0,0,0
84X598,,,,0,0.0,0,0,0,0,0
84M336,,,,0,0.0,0,0,0,0,0
84M068,,,,0,0.0,0,0,0,0,0
84M726,,,,0,0.0,0,0,0,0,0
10X374,10458,40.85947,-73.8886,0,0.0,23389,23063,23286,21249,19679
27Q282,,,,0,0.0,0,0,0,0,0
18K569,11203,40.64773,-73.9222,0,0.0,15813,15765,15236,14669,14275
84K649,,,,0,0.0,0,0,0,0,0
03M256,,,,0,0.0,0,0,0,0,0
84K956,,,,0,0.0,0,0,0,0,0
02M419,10011,40.74341,-74.0025,0,0.0,4552,4491,4879,4793,4471
84K360,,,,0,0.0,0,0,0,0,0
21K572,11214,40.59303,-73.9863,0,0.0,19629,19278,20314,19452,19359
84X345,,,,0,0.0,0,0,0,0,0
11X370,,,,0,0.0,0,0,0,0,0
02M425,10006,40.70897,-74.0125,0,0.0,338,342,351,319,301
84K517,,,,0,0.0,0,0,0,0,0
84K711,,,,0,0.0,0,0,0,0,0
84K724,,,,0,0.0,0,0,0,0,0
84K775,,,,0,0.0,0,0,0,0,0
24Q305,,,,0,0.0,0,0,0,0,0
07X533,,,,0,0.0,0,0,0,0,0
84K930,,,,0,0.0,0,0,0,0,0
84X585,,,,0,0.0,0,0,0,0,0
19K907,,,,0,0.0,0,0,0,0,0
22K535,11235,40.57836,-73.9344,0,0.0,14390,13781,15047,14176,13916
21K728,11224,40.57698,-73.9854,0,0.0,9028,8524,9547,9410,10555
19K662,,,,0,0.0,0,0,0,0,0
02M550,,,,0,0.0,0,0,0,0,0
21K559,11214,40.59303,-73.9863,0,0.0,19629,19278,20314,19452,19359
27Q106,,,,0,0.0,0,0,0,0,0
11X567,,,,0,0.0,0,0,0,0,0
84R070,,,,0,0.0,0,0,0,0,0
30Q450,11106,40.76588,-73.9339,0,0.0,5442,5452,6062,5964,6246
08X530,10459,40.81774,-73.8979,0,0.0,12847,12566,13486,13671,13864
01M515,,,,0,0.0,0,0,0,0,0
02M308,10002,40.71733,-73.9893,0,272414.0,9477,9733,10321,10028,10121
02M896,,,,0,0.0,0,0,0,0,0
09X311,,,,0,0.0,0,0,0,0,0
10X307,,,,0,0.0,0,0,0,0,0
14K586,11206,40.70977,-73.9445,0,0.0,24976,24502,25763,24655,24192
16K035,,,,0,0.0,0,0,0,0,0
27Q053,,,,0,0.0,0,0,0,0,0
17K061,,,,0,0.0,0,0,0,0,0
13K113,,,,0,0.0,0,0,0,0,0
12X129,,,,0,0.0,0,0,0,0,0
02M131,,,,0,0.0,0,0,0,0,0
27Q137,,,,0,0.0,0,0,0,0,0
26Q158,,,,0,0.0,0,0,0,0,0
11X180,,,,0,0.0,0,0,0,0,0
04M224,,,,0,0.0,0,0,0,0,0
03M243,,,,0,0.0,0,0,0,0,0
17K246,,,,0,0.0,0,0,0,0,0
03M250,,,,0,0.0,0,0,0,0,0
02M255,,,,0,0.0,0,0,0,0,0
16K267,,,,0,0.0,0,0,0,0,0
02M297,,,,0,0.0,0,0,0,0,0
08X301,,,,0,0.0,0,0,0,0,0
08X302,,,,0,0.0,0,0,0,0,0
06M319,,,,0,0.0,0,0,0,0,0
06M324,,,,0,0.0,0,0,0,0,0
28Q358,,,,0,0.0,0,0,0,0,0
10X390,,,,0,0.0,0,0,0,0,0
15K442,,,,0,0.0,0,0,0,0,0
15K051,,,,0,0.0,0,0,0,0,0
14K582,,,,0,0.0,0,0,0,0,0
15K839,,,,0,0.0,0,0,0,0,0
22K890,,,,0,0.0,0,0,0,0,0
19K935,,,,0,0.0,0,0,0,0,0
13K266,,,,0,0.0,0,0,0,0,0
17K394,,,,0,0.0,0,0,0,0,0
03M245,,,,0,0.0,0,0,0,0,0
03M247,,,,0,0.0,0,0,0,0,0
08X101,,,,0,0.0,0,0,0,0,0
16K681,,,,0,0.0,0,0,0,0,0
15K010,,,,0,0.0,0,0,0,0,0
03M541,10023,40.77489,-73.9856,0,0.0,8483,8579,9261,9257,9970
02M427,10016,40.74651,-73.9811,0,0.0,3912,4717,5246,4859,4745
02M542,10019,40.76547,-73.9927,0,0.0,3451,3057,2934,2766,2716
02M392,10011,40.74341,-74.0025,0,0.0,4552,4491,4879,4793,4471
04M435,10029,40.79418,-73.9329,0,0.0,15698,14415,14207,13641,14093
84M320,,,,0,0.0,0,0,0,0,0
84M080,,,,0,0.0,0,0,0,0,0
02M575,,,,0,0.0,0,0,0,0,0
02M280,10038,40.71144,-74.0009,0,0.0,3030,3774,3363,3172,3327
02M459,10065,40.76564,-73.9598,0,0.0,4258,4775,5155,5136,5075
75M751,,,,0,0.0,0,0,0,0,0
02M439,10010,40.74196,-73.992,0,0.0,4563,4603,4318,4414,4066
10X477,10463,40.87738,-73.9127,0,0.0,15209,14664,15827,15267,15362
21K239,,,,0,0.0,0,0,0,0,0
31R063,,,,0,0.0,0,0,0,0,0
26Q435,11427,40.73389,-73.7397,0,0.0,5194,5111,5174,4988,4460
24Q585,11373,40.7291,-73.8879,0,0.0,18592,19984,21868,21933,20647
84K733,,,,0,0.0,0,0,0,0,0
29Q492,11411,40.69879,-73.7463,0,0.0,3543,3612,3618,3496,3484
17K590,11225,40.66679,-73.9518,0,0.0,10174,9657,10247,9790,9665
84Q704,,,,0,0.0,0,0,0,0,0
23K647,11212,40.65564,-73.9067,0,0.0,16247,15904,17099,19387,21853
28Q167,11375,40.70843,-73.8555,0,0.0,13664,13015,14100,13563,14206
12X248,10459,40.82754,-73.8969,0,0.0,12847,12566,13486,13671,13864
24Q520,11101,40.74325,-73.9333,0,0.0,5611,5773,5762,5053,5688
06M322,,,,0,0.0,0,0,0,0,0
18K588,,,,0,0.0,0,0,0,0,0
84Q298,,,,0,0.0,0,0,0,0,0
22K405,11210,40.63283,-73.9524,0,0.0,16731,15438,16231,14836,13922
08X312,10473,40.82122,-73.8559,0,0.0,15052,14306,14139,13602,12983
15K684,11215,40.66926,-73.9786,0,0.0,15164,15260,16437,16175,15342
02M418,10004,40.7047,-74.0112,0,0.0,382,244,990,840,776
10X007,,,,0,0.0,0,0,0,0,0
09X297,10456,40.82746,-73.9039,0,0.0,25983,24695,24654,23966,24039
24Q331,,,,0,0.0,0,0,0,0,0
04M375,,,,0,0.0,0,0,0,0,0
23K671,,,,0,0.0,0,0,0,0,0
09X252,10457,40.83951,-73.9018,0,0.0,22636,23171,24307,23525,22466
84X177,,,,0,0.0,0,0,0,0,0
08X467,,,,0,0.0,0,0,0,0,0
05M304,10030,40.81723,-73.9472,0,0.0,6092,5908,6376,5793,5977
03M862,,,,0,0.0,0,0,0,0,0
09X128,,,,0,0.0,0,0,0,0,0
23K522,,,,0,0.0,0,0,0,0,0
12X242,10472,40.83251,-73.8782,0,0.0,18638,18387,18019,17006,17200
84X394,,,,0,0.0,0,0,0,0,0
07X557,,,,0,0.0,0,0,0,0,0
07X473,10455,40.81804,-73.9116,0,0.0,12201,11492,12183,12476,11376
09X555,,,,0,0.0,0,0,0,0,0
20K936,,,,0,0.0,0,0,0,0,0
19K583,11208,40.693,-73.8693,0,0.0,27510,27624,29442,28716,28382
02M432,10016,40.74651,-73.9811,0,0.0,3912,4717,5246,4859,4745
02M520,10038,40.71144,-74.0009,0,0.0,3030,3774,3363,3172,3327
06M314,,,,0,0.0,0,0,0,0,0
02M412,10011,40.74251,-74.0022,0,0.0,4552,4491,4879,4793,4471
02M414,10011,40.74251,-74.0022,0,0.0,4552,4491,4879,4793,4471
31R009,,,,0,0.0,0,0,0,0,0
84M100,,,,0,0.0,0,0,0,0,0
84X623,,,,0,0.0,0,0,0,0,0
01M363,,,,0,0.0,0,0,0,0,0
16K765,11213,40.67848,-73.9316,0,0.0,15552,14948,15665,16216,16175
24Q419,,,,0,0.0,0,0,0,0,0
84K736,,,,0,0.0,0,0,0,0,0
17K532,,,,0,0.0,0,0,0,0,0
84K486,,,,0,0.0,0,0,0,0,0
84Q388,,,,0,0.0,0,0,0,0,0
02M543,10002,40.71733,-73.9893,0,272414.0,9477,9733,10321,10028,10121
05M514,,,,0,0.0,0,0,0,0,0
09X350,10457,40.83931,-73.9114,0,0.0,22636,23171,24307,23525,22466
31R440,10306,40.57091,-74.1059,0,0.0,10110,11081,11777,11984,12200
01M539,10002,40.71942,-73.9796,0,272414.0,9477,9733,10321,10028,10121
84M353,,,,0,0.0,0,0,0,0,0
17K722,,,,0,0.0,0,0,0,0,0
09X328,,,,0,0.0,0,0,0,0,0
09X594,,,,0,0.0,0,0,0,0,0
20K445,11214,40.61304,-74.0023,0,0.0,19629,19278,20314,19452,19359
84R012,,,,0,0.0,0,0,0,0,0
84K395,,,,0,0.0,0,0,0,0,0
84X200,,,,0,0.0,0,0,0,0,0
84K738,,,,0,0.0,0,0,0,0,0
84Q320,,,,0,0.0,0,0,0,0,0
84X202,,,,0,0.0,0,0,0,0,0
84X539,,,,0,0.0,0,0,0,0,0
84K739,,,,0,0.0,0,0,0,0,0
84Q373,,,,0,0.0,0,0,0,0,0
84X208,,,,0,0.0,0,0,0,0,0
84X553,,,,0,0.0,0,0,0,0,0
15K443,,,,0,0.0,0,0,0,0,0
11X513,10466,40.88824,-73.8527,0,0.0,17073,16360,17106,16866,18278
84R073,,,,0,0.0,0,0,0,0,0
27Q306,,,,0,0.0,0,0,0,0,0
84M263,,,,0,0.0,0,0,0,0,0
02M312,,,,0,0.0,0,0,0,0,0
84M483,,,,0,0.0,0,0,0,0,0
30Q555,11101,40.75184,-73.9366,0,0.0,5611,5773,5762,5053,5688
24Q455,11373,40.74082,-73.8741,0,0.0,18592,19984,21868,21933,20647
17K006,,,,0,0.0,0,0,0,0,0
11X287,,,,0,0.0,0,0,0,0,0
25Q792,,,,0,0.0,0,0,0,0,0
84K693,,,,0,0.0,0,0,0,0,0
84X461,,,,0,0.0,0,0,0,0,0
84X587,,,,0,0.0,0,0,0,0,0
84M337,,,,0,0.0,0,0,0,0,0
84X395,,,,0,0.0,0,0,0,0,0
02M376,10013,40.72463,-74.0051,0,0.0,4780,4440,4259,4145,3789
84K777,,,,0,0.0,0,0,0,0,0
18K635,,,,0,0.0,0,0,0,0,0
11X529,,,,0,0.0,0,0,0,0,0
84M279,,,,0,0.0,0,0,0,0,0
01M292,10002,40.71336,-73.9861,0,272414.0,9477,9733,10321,10028,10121
22K611,11235,40.59316,-73.9366,0,0.0,14390,13781,15047,14176,13916
84Q706,,,,0,0.0,0,0,0,0,0
84Q386,,,,0,0.0,0,0,0,0,0
84Q418,,,,0,0.0,0,0,0,0,0
27Q062,,,,0,0.0,0,0,0,0,0
32K384,,,,0,0.0,0,0,0,0,0
02M001,,,,0,0.0,0,0,0,0,0
07X001,,,,0,0.0,0,0,0,0,0
15K001,,,,0,0.0,0,0,0,0,0
31R001,,,,0,0.0,0,0,0,0,0
30Q002,,,,0,0.0,0,0,0,0,0
02M002,,,,0,0.0,0,0,0,0,0
02M003,,,,0,0.0,0,0,0,0,0
13K003,,,,0,0.0,0,0,0,0,0
31R003,,,,0,0.0,0,0,0,0,0
06M004,,,,0,0.0,0,0,0,0,0
31R004,,,,0,0.0,0,0,0,0,0
16K005,,,,0,0.0,0,0,0,0,0
06M005,,,,0,0.0,0,0,0,0,0
31R005,,,,0,0.0,0,0,0,0,0
02M006,,,,0,0.0,0,0,0,0,0
12X006,,,,0,0.0,0,0,0,0,0
19K007,,,,0,0.0,0,0,0,0,0
24Q007,,,,0,0.0,0,0,0,0,0
04M007,,,,0,0.0,0,0,0,0,0
10X008,,,,0,0.0,0,0,0,0,0
06M008,,,,0,0.0,0,0,0,0,0
75Q009,,,,0,0.0,0,0,0,0,0
03M009,,,,0,0.0,0,0,0,0,0
09X011,,,,0,0.0,0,0,0,0,0
30Q011,,,,0,0.0,0,0,0,0,0
13K011,,,,0,0.0,0,0,0,0,0
02M011,,,,0,0.0,0,0,0,0,0
24Q012,,,,0,0.0,0,0,0,0,0
24Q013,,,,0,0.0,0,0,0,0,0
31R013,,,,0,0.0,0,0,0,0,0
19K013,,,,0,0.0,0,0,0,0,0
24Q014,,,,0,0.0,0,0,0,0,0
29Q015,,,,0,0.0,0,0,0,0,0
15K015,,,,0,0.0,0,0,0,0,0
01M015,,,,0,0.0,0,0,0,0,0
31R016,,,,0,0.0,0,0,0,0,0
14K016,,,,0,0.0,0,0,0,0,0
11X016,,,,0,0.0,0,0,0,0,0
14K017,,,,0,0.0,0,0,0,0,0
30Q017,,,,0,0.0,0,0,0,0,0
14K018,,,,0,0.0,0,0,0,0,0
31R018,,,,0,0.0,0,0,0,0,0
07X018,,,,0,0.0,0,0,0,0,0
06M018,,,,0,0.0,0,0,0,0,0
26Q018,,,,0,0.0,0,0,0,0,0
11X019,,,,0,0.0,0,0,0,0,0
24Q019,,,,0,0.0,0,0,0,0,0
31R019,,,,0,0.0,0,0,0,0,0
01M020,,,,0,0.0,0,0,0,0,0
13K020,,,,0,0.0,0,0,0,0,0
25Q020,,,,0,0.0,0,0,0,0,0
31R020,,,,0,0.0,0,0,0,0,0
16K021,,,,0,0.0,0,0,0,0,0
25Q021,,,,0,0.0,0,0,0,0,0
11X021,,,,0,0.0,0,0,0,0,0
31R022,,,,0,0.0,0,0,0,0,0
25Q022,,,,0,0.0,0,0,0,0,0
14K023,,,,0,0.0,0,0,0,0,0
31R023,,,,0,0.0,0,0,0,0,0
10X023,,,,0,0.0,0,0,0,0,0
15K024,,,,0,0.0,0,0,0,0,0
25Q024,,,,0,0.0,0,0,0,0,0
10X024,,,,0,0.0,0,0,0,0,0
07X025,,,,0,0.0,0,0,0,0,0
16K025,,,,0,0.0,0,0,0,0,0
16K026,,,,0,0.0,0,0,0,0,0
26Q026,,,,0,0.0,0,0,0,0,0
31R026,,,,0,0.0,0,0,0,0,0
09X028,,,,0,0.0,0,0,0,0,0
06M028,,,,0,0.0,0,0,0,0,0
31R029,,,,0,0.0,0,0,0,0,0
15K029,,,,0,0.0,0,0,0,0,0
25Q029,,,,0,0.0,0,0,0,0,0
05M030,,,,0,0.0,0,0,0,0,0
31R030,,,,0,0.0,0,0,0,0,0
07X030,,,,0,0.0,0,0,0,0,0
26Q031,,,,0,0.0,0,0,0,0,0
14K031,,,,0,0.0,0,0,0,0,0
31R031,,,,0,0.0,0,0,0,0,0
10X032,,,,0,0.0,0,0,0,0,0
15K032,,,,0,0.0,0,0,0,0,0
25Q032,,,,0,0.0,0,0,0,0,0
31R032,,,,0,0.0,0,0,0,0,0
02M033,,,,0,0.0,0,0,0,0,0
29Q033,,,,0,0.0,0,0,0,0,0
10X033,,,,0,0.0,0,0,0,0,0
01M034,,,,0,0.0,0,0,0,0,0
29Q034,,,,0,0.0,0,0,0,0,0
14K034,,,,0,0.0,0,0,0,0,0
75M035,,,,0,0.0,0,0,0,0,0
09X035,,,,0,0.0,0,0,0,0,0
29Q035,,,,0,0.0,0,0,0,0,0
31R036,,,,0,0.0,0,0,0,0,0
05M036,,,,0,0.0,0,0,0,0,0
29Q036,,,,0,0.0,0,0,0,0,0
08X036,,,,0,0.0,0,0,0,0,0
31R038,,,,0,0.0,0,0,0,0,0
29Q038,,,,0,0.0,0,0,0,0,0
15K038,,,,0,0.0,0,0,0,0,0
15K039,,,,0,0.0,0,0,0,0,0
02M040,,,,0,0.0,0,0,0,0,0
16K040,,,,0,0.0,0,0,0,0,0
28Q040,,,,0,0.0,0,0,0,0,0
26Q041,,,,0,0.0,0,0,0,0,0
23K041,,,,0,0.0,0,0,0,0,0
02M041,,,,0,0.0,0,0,0,0,0
11X041,,,,0,0.0,0,0,0,0,0
02M042,,,,0,0.0,0,0,0,0,0
09X042,,,,0,0.0,0,0,0,0,0
31R042,,,,0,0.0,0,0,0,0,0
27Q043,,,,0,0.0,0,0,0,0,0
07X043,,,,0,0.0,0,0,0,0,0
12X044,,,,0,0.0,0,0,0,0,0
13K044,,,,0,0.0,0,0,0,0,0
31R044,,,,0,0.0,0,0,0,0,0
27Q045,,,,0,0.0,0,0,0,0,0
31R045,,,,0,0.0,0,0,0,0,0
31R046,,,,0,0.0,0,0,0,0,0
26Q046,,,,0,0.0,0,0,0,0,0
05M046,,,,0,0.0,0,0,0,0,0
10X046,,,,0,0.0,0,0,0,0,0
13K046,,,,0,0.0,0,0,0,0,0
27Q047,,,,0,0.0,0,0,0,0,0
12X047,,,,0,0.0,0,0,0,0,0
08X048,,,,0,0.0,0,0,0,0,0
20K048,,,,0,0.0,0,0,0,0,0
06M048,,,,0,0.0,0,0,0,0,0
31R048,,,,0,0.0,0,0,0,0,0
24Q049,,,,0,0.0,0,0,0,0,0
07X049,,,,0,0.0,0,0,0,0,0
31R050,,,,0,0.0,0,0,0,0,0
28Q050,,,,0,0.0,0,0,0,0,0
27Q051,,,,0,0.0,0,0,0,0,0
02M051,,,,0,0.0,0,0,0,0,0
31R052,,,,0,0.0,0,0,0,0,0
29Q052,,,,0,0.0,0,0,0,0,0
22K052,,,,0,0.0,0,0,0,0,0
09X053,,,,0,0.0,0,0,0,0,0
31R054,,,,0,0.0,0,0,0,0,0
28Q054,,,,0,0.0,0,0,0,0,0
13K054,,,,0,0.0,0,0,0,0,0
09X055,,,,0,0.0,0,0,0,0,0
31R055,,,,0,0.0,0,0,0,0,0
28Q055,,,,0,0.0,0,0,0,0,0
27Q056,,,,0,0.0,0,0,0,0,0
13K056,,,,0,0.0,0,0,0,0,0
10X056,,,,0,0.0,0,0,0,0,0
12X057,,,,0,0.0,0,0,0,0,0
31R057,,,,0,0.0,0,0,0,0,0
09X058,,,,0,0.0,0,0,0,0,0
15K058,,,,0,0.0,0,0,0,0,0
02M059,,,,0,0.0,0,0,0,0,0
10X059,,,,0,0.0,0,0,0,0,0
14K059,,,,0,0.0,0,0,0,0,0
31R060,,,,0,0.0,0,0,0,0,0
27Q060,,,,0,0.0,0,0,0,0,0
12X061,,,,0,0.0,0,0,0,0,0
08X062,,,,0,0.0,0,0,0,0,0
09X063,,,,0,0.0,0,0,0,0,0
27Q063,,,,0,0.0,0,0,0,0,0
27Q064,,,,0,0.0,0,0,0,0,0
01M064,,,,0,0.0,0,0,0,0,0
19K065,,,,0,0.0,0,0,0,0,0
07X065,,,,0,0.0,0,0,0,0,0
27Q066,,,,0,0.0,0,0,0,0,0
12X066,,,,0,0.0,0,0,0,0,0
13K067,,,,0,0.0,0,0,0,0,0
12X067,,,,0,0.0,0,0,0,0,0
11X068,,,,0,0.0,0,0,0,0,0
24Q068,,,,0,0.0,0,0,0,0,0
31R069,,,,0,0.0,0,0,0,0,0
30Q069,,,,0,0.0,0,0,0,0,0
08X069,,,,0,0.0,0,0,0,0,0
30Q070,,,,0,0.0,0,0,0,0,0
09X070,,,,0,0.0,0,0,0,0,0
24Q071,,,,0,0.0,0,0,0,0,0
08X071,,,,0,0.0,0,0,0,0,0
08X072,,,,0,0.0,0,0,0,0,0
09X073,,,,0,0.0,0,0,0,0,0
03M075,,,,0,0.0,0,0,0,0,0
32K075,,,,0,0.0,0,0,0,0,0
03M076,,,,0,0.0,0,0,0,0,0
11X076,,,,0,0.0,0,0,0,0,0
30Q076,,,,0,0.0,0,0,0,0,0
11X078,,,,0,0.0,0,0,0,0,0
25Q079,,,,0,0.0,0,0,0,0,0
10X081,,,,0,0.0,0,0,0,0,0
16K081,,,,0,0.0,0,0,0,0,0
28Q082,,,,0,0.0,0,0,0,0,0
11X083,,,,0,0.0,0,0,0,0,0
04M083,,,,0,0.0,0,0,0,0,0
14K084,,,,0,0.0,0,0,0,0,0
03M084,,,,0,0.0,0,0,0,0,0
30Q084,,,,0,0.0,0,0,0,0,0
10X085,,,,0,0.0,0,0,0,0,0
30Q085,,,,0,0.0,0,0,0,0,0
10X086,,,,0,0.0,0,0,0,0,0
32K086,,,,0,0.0,0,0,0,0,0
11X087,,,,0,0.0,0,0,0,0,0
03M087,,,,0,0.0,0,0,0,0,0
24Q088,,,,0,0.0,0,0,0,0,0
11X089,,,,0,0.0,0,0,0,0,0
19K089,,,,0,0.0,0,0,0,0,0
27Q090,,,,0,0.0,0,0,0,0,0
10X091,,,,0,0.0,0,0,0,0,0
24Q091,,,,0,0.0,0,0,0,0,0
17K091,,,,0,0.0,0,0,0,0,0
17K092,,,,0,0.0,0,0,0,0,0
30Q092,,,,0,0.0,0,0,0,0,0
05M092,,,,0,0.0,0,0,0,0,0
08X093,,,,0,0.0,0,0,0,0,0
13K093,,,,0,0.0,0,0,0,0,0
26Q094,,,,0,0.0,0,0,0,0,0
10X094,,,,0,0.0,0,0,0,0,0
15K094,,,,0,0.0,0,0,0,0,0
29Q095,,,,0,0.0,0,0,0,0,0
10X095,,,,0,0.0,0,0,0,0,0
21K095,,,,0,0.0,0,0,0,0,0
27Q096,,,,0,0.0,0,0,0,0,0
04M096,,,,0,0.0,0,0,0,0,0
11X096,,,,0,0.0,0,0,0,0,0
11X097,,,,0,0.0,0,0,0,0,0
27Q097,,,,0,0.0,0,0,0,0,0
06M098,,,,0,0.0,0,0,0,0,0
26Q098,,,,0,0.0,0,0,0,0,0
21K099,,,,0,0.0,0,0,0,0,0
28Q099,,,,0,0.0,0,0,0,0,0
27Q100,,,,0,0.0,0,0,0,0,0
08X100,,,,0,0.0,0,0,0,0,0
21K100,,,,0,0.0,0,0,0,0,0
28Q101,,,,0,0.0,0,0,0,0,0
21K101,,,,0,0.0,0,0,0,0,0
24Q102,,,,0,0.0,0,0,0,0,0
04M102,,,,0,0.0,0,0,0,0,0
20K102,,,,0,0.0,0,0,0,0,0
11X103,,,,0,0.0,0,0,0,0,0
27Q104,,,,0,0.0,0,0,0,0,0
11X105,,,,0,0.0,0,0,0,0,0
27Q105,,,,0,0.0,0,0,0,0,0
20K105,,,,0,0.0,0,0,0,0,0
32K106,,,,0,0.0,0,0,0,0,0
11X106,,,,0,0.0,0,0,0,0,0
08X107,,,,0,0.0,0,0,0,0,0
15K107,,,,0,0.0,0,0,0,0,0
25Q107,,,,0,0.0,0,0,0,0,0
04M108,,,,0,0.0,0,0,0,0,0
27Q108,,,,0,0.0,0,0,0,0,0
11X108,,,,0,0.0,0,0,0,0,0
19K108,,,,0,0.0,0,0,0,0,0
22K109,,,,0,0.0,0,0,0,0,0
09X109,,,,0,0.0,0,0,0,0,0
31R011,,,,0,0.0,0,0,0,0,0
24Q110,,,,0,0.0,0,0,0,0,0
01M110,,,,0,0.0,0,0,0,0,0
14K110,,,,0,0.0,0,0,0,0,0
09X110,,,,0,0.0,0,0,0,0,0
02M111,,,,0,0.0,0,0,0,0,0
30Q111,,,,0,0.0,0,0,0,0,0
11X111,,,,0,0.0,0,0,0,0,0
11X112,,,,0,0.0,0,0,0,0,0
30Q112,,,,0,0.0,0,0,0,0,0
04M112,,,,0,0.0,0,0,0,0,0
20K112,,,,0,0.0,0,0,0,0,0
18K114,,,,0,0.0,0,0,0,0,0
06M115,,,,0,0.0,0,0,0,0,0
18K115,,,,0,0.0,0,0,0,0,0
32K116,,,,0,0.0,0,0,0,0,0
02M116,,,,0,0.0,0,0,0,0,0
28Q117,,,,0,0.0,0,0,0,0,0
29Q118,,,,0,0.0,0,0,0,0,0
22K119,,,,0,0.0,0,0,0,0,0
14K120,,,,0,0.0,0,0,0,0,0
25Q120,,,,0,0.0,0,0,0,0,0
21K121,,,,0,0.0,0,0,0,0,0
28Q121,,,,0,0.0,0,0,0,0,0
11X121,,,,0,0.0,0,0,0,0,0
30Q122,,,,0,0.0,0,0,0,0,0
27Q123,,,,0,0.0,0,0,0,0,0
05M123,,,,0,0.0,0,0,0,0,0
32K123,,,,0,0.0,0,0,0,0,0
27Q124,,,,0,0.0,0,0,0,0,0
15K124,,,,0,0.0,0,0,0,0,0
02M124,,,,0,0.0,0,0,0,0,0
05M125,,,,0,0.0,0,0,0,0,0
09X126,,,,0,0.0,0,0,0,0,0
02M126,,,,0,0.0,0,0,0,0,0
30Q127,,,,0,0.0,0,0,0,0,0
20K127,,,,0,0.0,0,0,0,0,0
06M128,,,,0,0.0,0,0,0,0,0
21K128,,,,0,0.0,0,0,0,0,0
24Q128,,,,0,0.0,0,0,0,0,0
05M129,,,,0,0.0,0,0,0,0,0
25Q129,,,,0,0.0,0,0,0,0,0
25Q130,,,,0,0.0,0,0,0,0,0
08X130,,,,0,0.0,0,0,0,0,0
02M130,,,,0,0.0,0,0,0,0,0
15K130,,,,0,0.0,0,0,0,0,0
29Q131,,,,0,0.0,0,0,0,0,0
15K131,,,,0,0.0,0,0,0,0,0
09X132,,,,0,0.0,0,0,0,0,0
06M132,,,,0,0.0,0,0,0,0,0
29Q132,,,,0,0.0,0,0,0,0,0
14K132,,,,0,0.0,0,0,0,0,0
05M133,,,,0,0.0,0,0,0,0,0
26Q133,,,,0,0.0,0,0,0,0,0
13K133,,,,0,0.0,0,0,0,0,0
12X134,,,,0,0.0,0,0,0,0,0
01M134,,,,0,0.0,0,0,0,0,0
29Q134,,,,0,0.0,0,0,0,0,0
18K135,,,,0,0.0,0,0,0,0,0
29Q136,,,,0,0.0,0,0,0,0,0
75M138,,,,0,0.0,0,0,0,0,0
17K138,,,,0,0.0,0,0,0,0,0
08X138,,,,0,0.0,0,0,0,0,0
22K139,,,,0,0.0,0,0,0,0,0
28Q139,,,,0,0.0,0,0,0,0,0
28Q140,,,,0,0.0,0,0,0,0,0
01M140,,,,0,0.0,0,0,0,0,0
01M142,,,,0,0.0,0,0,0,0,0
24Q143,,,,0,0.0,0,0,0,0,0
28Q144,,,,0,0.0,0,0,0,0,0
32K145,,,,0,0.0,0,0,0,0,0
03M145,,,,0,0.0,0,0,0,0,0
04M146,,,,0,0.0,0,0,0,0,0
08X146,,,,0,0.0,0,0,0,0,0
27Q146,,,,0,0.0,0,0,0,0,0
14K147,,,,0,0.0,0,0,0,0,0
30Q148,,,,0,0.0,0,0,0,0,0
30Q149,,,,0,0.0,0,0,0,0,0
19K149,,,,0,0.0,0,0,0,0,0
03M149,,,,0,0.0,0,0,0,0,0
02M150,,,,0,0.0,0,0,0,0,0
12X150,,,,0,0.0,0,0,0,0,0
23K150,,,,0,0.0,0,0,0,0,0
30Q150,,,,0,0.0,0,0,0,0,0
32K151,,,,0,0.0,0,0,0,0,0
30Q151,,,,0,0.0,0,0,0,0,0
06M152,,,,0,0.0,0,0,0,0,0
08X152,,,,0,0.0,0,0,0,0,0
30Q152,,,,0,0.0,0,0,0,0,0
06M153,,,,0,0.0,0,0,0,0,0
11X153,,,,0,0.0,0,0,0,0,0
21K153,,,,0,0.0,0,0,0,0,0
24Q153,,,,0,0.0,0,0,0,0,0
05M154,,,,0,0.0,0,0,0,0,0
07X154,,,,0,0.0,0,0,0,0,0
25Q154,,,,0,0.0,0,0,0,0,0
27Q155,,,,0,0.0,0,0,0,0,0
04M155,,,,0,0.0,0,0,0,0,0
29Q156,,,,0,0.0,0,0,0,0,0
23K156,,,,0,0.0,0,0,0,0,0
07X157,,,,0,0.0,0,0,0,0,0
02M158,,,,0,0.0,0,0,0,0,0
19K158,,,,0,0.0,0,0,0,0,0
26Q159,,,,0,0.0,0,0,0,0,0
19K159,,,,0,0.0,0,0,0,0,0
10X159,,,,0,0.0,0,0,0,0,0
11X160,,,,0,0.0,0,0,0,0,0
28Q160,,,,0,0.0,0,0,0,0,0
20K160,,,,0,0.0,0,0,0,0,0
28Q161,,,,0,0.0,0,0,0,0,0
07X161,,,,0,0.0,0,0,0,0,0
05M161,,,,0,0.0,0,0,0,0,0
17K161,,,,0,0.0,0,0,0,0,0
26Q162,,,,0,0.0,0,0,0,0,0
03M163,,,,0,0.0,0,0,0,0,0
09X163,,,,0,0.0,0,0,0,0,0
20K163,,,,0,0.0,0,0,0,0,0
25Q163,,,,0,0.0,0,0,0,0,0
20K164,,,,0,0.0,0,0,0,0,0
25Q164,,,,0,0.0,0,0,0,0,0
25Q165,,,,0,0.0,0,0,0,0,0
23K165,,,,0,0.0,0,0,0,0,0
03M165,,,,0,0.0,0,0,0,0,0
30Q166,,,,0,0.0,0,0,0,0,0
03M166,,,,0,0.0,0,0,0,0,0
75X168,,,,0,0.0,0,0,0,0,0
25Q169,,,,0,0.0,0,0,0,0,0
15K169,,,,0,0.0,0,0,0,0,0
09X170,,,,0,0.0,0,0,0,0,0
04M171,,,,0,0.0,0,0,0,0,0
30Q171,,,,0,0.0,0,0,0,0,0
15K172,,,,0,0.0,0,0,0,0,0
06M173,,,,0,0.0,0,0,0,0,0
26Q173,,,,0,0.0,0,0,0,0,0
28Q174,,,,0,0.0,0,0,0,0,0
11X175,,,,0,0.0,0,0,0,0,0
05M175,,,,0,0.0,0,0,0,0,0
28Q175,,,,0,0.0,0,0,0,0,0
29Q176,,,,0,0.0,0,0,0,0,0
20K176,,,,0,0.0,0,0,0,0,0
21K177,,,,0,0.0,0,0,0,0,0
11X178,,,,0,0.0,0,0,0,0,0
23K178,,,,0,0.0,0,0,0,0,0
07X179,,,,0,0.0,0,0,0,0,0
20K179,,,,0,0.0,0,0,0,0,0
03M180,,,,0,0.0,0,0,0,0,0
29Q181,,,,0,0.0,0,0,0,0,0
17K181,,,,0,0.0,0,0,0,0,0
08X182,,,,0,0.0,0,0,0,0,0
28Q182,,,,0,0.0,0,0,0,0,0
27Q183,,,,0,0.0,0,0,0,0,0
02M183,,,,0,0.0,0,0,0,0,0
25Q184,,,,0,0.0,0,0,0,0,0
23K184,,,,0,0.0,0,0,0,0,0
01M184,,,,0,0.0,0,0,0,0,0
20K185,,,,0,0.0,0,0,0,0,0
26Q186,,,,0,0.0,0,0,0,0,0
20K186,,,,0,0.0,0,0,0,0,0
26Q188,,,,0,0.0,0,0,0,0,0
21K188,,,,0,0.0,0,0,0,0,0
01M188,,,,0,0.0,0,0,0,0,0
06M189,,,,0,0.0,0,0,0,0,0
17K189,,,,0,0.0,0,0,0,0,0
19K190,,,,0,0.0,0,0,0,0,0
26Q191,,,,0,0.0,0,0,0,0,0
17K191,,,,0,0.0,0,0,0,0,0
20K192,,,,0,0.0,0,0,0,0,0
06M192,,,,0,0.0,0,0,0,0,0
25Q193,,,,0,0.0,0,0,0,0,0
22K193,,,,0,0.0,0,0,0,0,0
05M194,,,,0,0.0,0,0,0,0,0
22K194,,,,0,0.0,0,0,0,0,0
12X195,,,,0,0.0,0,0,0,0,0
22K195,,,,0,0.0,0,0,0,0,0
29Q195,,,,0,0.0,0,0,0,0,0
12X196,,,,0,0.0,0,0,0,0,0
28Q196,,,,0,0.0,0,0,0,0,0
14K196,,,,0,0.0,0,0,0,0,0
22K197,,,,0,0.0,0,0,0,0,0
05M197,,,,0,0.0,0,0,0,0,0
27Q197,,,,0,0.0,0,0,0,0,0
22K198,,,,0,0.0,0,0,0,0,0
02M198,,,,0,0.0,0,0,0,0,0
21K199,,,,0,0.0,0,0,0,0,0
03M199,,,,0,0.0,0,0,0,0,0
24Q199,,,,0,0.0,0,0,0,0,0
09X199,,,,0,0.0,0,0,0,0,0
20K200,,,,0,0.0,0,0,0,0,0
05M200,,,,0,0.0,0,0,0,0,0
25Q201,,,,0,0.0,0,0,0,0,0
19K202,,,,0,0.0,0,0,0,0,0
22K203,,,,0,0.0,0,0,0,0,0
26Q203,,,,0,0.0,0,0,0,0,0
09X204,,,,0,0.0,0,0,0,0,0
20K204,,,,0,0.0,0,0,0,0,0
26Q205,,,,0,0.0,0,0,0,0,0
20K205,,,,0,0.0,0,0,0,0,0
10X205,,,,0,0.0,0,0,0,0,0
04M206,,,,0,0.0,0,0,0,0,0
22K206,,,,0,0.0,0,0,0,0,0
28Q206,,,,0,0.0,0,0,0,0,0
10X207,,,,0,0.0,0,0,0,0,0
22K207,,,,0,0.0,0,0,0,0,0
27Q207,,,,0,0.0,0,0,0,0,0
18K208,,,,0,0.0,0,0,0,0,0
10X209,,,,0,0.0,0,0,0,0,0
25Q209,,,,0,0.0,0,0,0,0,0
21K209,,,,0,0.0,0,0,0,0,0
31R021,,,,0,0.0,0,0,0,0,0
12X211,,,,0,0.0,0,0,0,0,0
30Q212,,,,0,0.0,0,0,0,0,0
21K212,,,,0,0.0,0,0,0,0,0
02M212,,,,0,0.0,0,0,0,0,0
19K213,,,,0,0.0,0,0,0,0,0
26Q213,,,,0,0.0,0,0,0,0,0
12X214,,,,0,0.0,0,0,0,0,0
25Q214,,,,0,0.0,0,0,0,0,0
19K214,,,,0,0.0,0,0,0,0,0
21K215,,,,0,0.0,0,0,0,0,0
21K216,,,,0,0.0,0,0,0,0,0
22K217,,,,0,0.0,0,0,0,0,0
18K219,,,,0,0.0,0,0,0,0,0
25Q219,,,,0,0.0,0,0,0,0,0
28Q220,,,,0,0.0,0,0,0,0,0
26Q221,,,,0,0.0,0,0,0,0,0
17K221,,,,0,0.0,0,0,0,0,0
22K222,,,,0,0.0,0,0,0,0,0
27Q223,,,,0,0.0,0,0,0,0,0
19K224,,,,0,0.0,0,0,0,0,0
10X226,,,,0,0.0,0,0,0,0,0
21K226,,,,0,0.0,0,0,0,0,0
20K229,,,,0,0.0,0,0,0,0,0
24Q229,,,,0,0.0,0,0,0,0,0
15K230,,,,0,0.0,0,0,0,0,0
27Q232,,,,0,0.0,0,0,0,0,0
18K233,,,,0,0.0,0,0,0,0,0
30Q234,,,,0,0.0,0,0,0,0,0
02M234,,,,0,0.0,0,0,0,0,0
18K235,,,,0,0.0,0,0,0,0,0
09X236,,,,0,0.0,0,0,0,0,0
22K236,,,,0,0.0,0,0,0,0,0
21K238,,,,0,0.0,0,0,0,0,0
24Q239,,,,0,0.0,0,0,0,0,0
17K241,,,,0,0.0,0,0,0,0,0
03M242,,,,0,0.0,0,0,0,0,0
25Q242,,,,0,0.0,0,0,0,0,0
16K243,,,,0,0.0,0,0,0,0,0
18K244,,,,0,0.0,0,0,0,0,0
22K245,,,,0,0.0,0,0,0,0,0
10X246,,,,0,0.0,0,0,0,0,0
20K247,,,,0,0.0,0,0,0,0,0
17K249,,,,0,0.0,0,0,0,0,0
14K250,,,,0,0.0,0,0,0,0,0
22K251,,,,0,0.0,0,0,0,0,0
29Q251,,,,0,0.0,0,0,0,0,0
21K253,,,,0,0.0,0,0,0,0,0
27Q254,,,,0,0.0,0,0,0,0,0
22K254,,,,0,0.0,0,0,0,0,0
22K255,,,,0,0.0,0,0,0,0,0
13K256,,,,0,0.0,0,0,0,0,0
14K257,,,,0,0.0,0,0,0,0,0
15K261,,,,0,0.0,0,0,0,0,0
16K262,,,,0,0.0,0,0,0,0,0
20K264,,,,0,0.0,0,0,0,0,0
18K268,,,,0,0.0,0,0,0,0,0
13K270,,,,0,0.0,0,0,0,0,0
18K272,,,,0,0.0,0,0,0,0,0
27Q273,,,,0,0.0,0,0,0,0,0
19K273,,,,0,0.0,0,0,0,0,0
32K274,,,,0,0.0,0,0,0,0,0
18K276,,,,0,0.0,0,0,0,0,0
07X277,,,,0,0.0,0,0,0,0,0
22K277,,,,0,0.0,0,0,0,0,0
10X279,,,,0,0.0,0,0,0,0,0
18K279,,,,0,0.0,0,0,0,0,0
24Q028,,,,0,0.0,0,0,0,0,0
13K282,,,,0,0.0,0,0,0,0,0
13K287,,,,0,0.0,0,0,0,0,0
21K288,,,,0,0.0,0,0,0,0,0
17K289,,,,0,0.0,0,0,0,0,0
19K290,,,,0,0.0,0,0,0,0,0
02M290,,,,0,0.0,0,0,0,0,0
10X291,,,,0,0.0,0,0,0,0,0
15K295,,,,0,0.0,0,0,0,0,0
14K297,,,,0,0.0,0,0,0,0,0
23K298,,,,0,0.0,0,0,0,0,0
32K299,,,,0,0.0,0,0,0,0,0
10X003,,,,0,0.0,0,0,0,0,0
08X304,,,,0,0.0,0,0,0,0,0
10X306,,,,0,0.0,0,0,0,0,0
19K306,,,,0,0.0,0,0,0,0,0
13K307,,,,0,0.0,0,0,0,0,0
16K308,,,,0,0.0,0,0,0,0,0
16K309,,,,0,0.0,0,0,0,0,0
10X310,,,,0,0.0,0,0,0,0,0
22K312,,,,0,0.0,0,0,0,0,0
10X315,,,,0,0.0,0,0,0,0,0
17K316,,,,0,0.0,0,0,0,0,0
14K319,,,,0,0.0,0,0,0,0,0
15K321,,,,0,0.0,0,0,0,0,0
22K326,,,,0,0.0,0,0,0,0,0
23K327,,,,0,0.0,0,0,0,0,0
19K328,,,,0,0.0,0,0,0,0,0
21K329,,,,0,0.0,0,0,0,0,0
03M333,,,,0,0.0,0,0,0,0,0
16K335,,,,0,0.0,0,0,0,0,0
10X340,,,,0,0.0,0,0,0,0,0
19K345,,,,0,0.0,0,0,0,0,0
19K346,,,,0,0.0,0,0,0,0,0
31R035,,,,0,0.0,0,0,0,0,0
75K036,,,,0,0.0,0,0,0,0,0
10X360,,,,0,0.0,0,0,0,0,0
29Q360,,,,0,0.0,0,0,0,0,0
22K361,,,,0,0.0,0,0,0,0,0
75K368,,,,0,0.0,0,0,0,0,0
75K370,,,,0,0.0,0,0,0,0,0
75K371,,,,0,0.0,0,0,0,0,0
75K372,,,,0,0.0,0,0,0,0,0
75K373,,,,0,0.0,0,0,0,0,0
17K375,,,,0,0.0,0,0,0,0,0
26Q376,,,,0,0.0,0,0,0,0,0
32K376,,,,0,0.0,0,0,0,0,0
27Q377,,,,0,0.0,0,0,0,0,0
32K377,,,,0,0.0,0,0,0,0,0
04M038,,,,0,0.0,0,0,0,0,0
14K380,,,,0,0.0,0,0,0,0,0
31R039,,,,0,0.0,0,0,0,0,0
10X396,,,,0,0.0,0,0,0,0,0
17K397,,,,0,0.0,0,0,0,0,0
17K398,,,,0,0.0,0,0,0,0,0
17K399,,,,0,0.0,0,0,0,0,0
03M452,,,,0,0.0,0,0,0,0,0
07X005,,,,0,0.0,0,0,0,0,0
20K503,,,,0,0.0,0,0,0,0,0
20K506,,,,0,0.0,0,0,0,0,0
02M527,,,,0,0.0,0,0,0,0,0
12X536,,,,0,0.0,0,0,0,0,0
31R056,,,,0,0.0,0,0,0,0,0
24Q058,,,,0,0.0,0,0,0,0,0
08X583,,,,0,0.0,0,0,0,0,0
12X595,,,,0,0.0,0,0,0,0,0
31R006,,,,0,0.0,0,0,0,0,0
27Q065,,,,0,0.0,0,0,0,0,0
31R065,,,,0,0.0,0,0,0,0,0
18K066,,,,0,0.0,0,0,0,0,0
20K069,,,,0,0.0,0,0,0,0,0
75X723,,,,0,0.0,0,0,0,0,0
31R074,,,,0,0.0,0,0,0,0,0
20K748,,,,0,0.0,0,0,0,0,0
08X075,,,,0,0.0,0,0,0,0,0
02M077,,,,0,0.0,0,0,0,0,0
17K770,,,,0,0.0,0,0,0,0,0
31R078,,,,0,0.0,0,0,0,0,0
31R008,,,,0,0.0,0,0,0,0,0
24Q081,,,,0,0.0,0,0,0,0,0
22K889,,,,0,0.0,0,0,0,0,0
02M089,,,,0,0.0,0,0,0,0,0
24Q089,,,,0,0.0,0,0,0,0,0
10X009,,,,0,0.0,0,0,0,0,0
21K090,,,,0,0.0,0,0,0,0,0
19K938,,,,0,0.0,0,0,0,0,0
15K958,,,,0,0.0,0,0,0,0,0
21K097,,,,0,0.0,0,0,0,0,0
75K004,,,,0,0.0,0,0,0,0,0
75K053,,,,0,0.0,0,0,0,0,0
75K077,,,,0,0.0,0,0,0,0,0
22K134,,,,0,0.0,0,0,0,0,0
75K140,,,,0,0.0,0,0,0,0,0
75K141,,,,0,0.0,0,0,0,0,0
21K225,,,,0,0.0,0,0,0,0,0
75K231,,,,0,0.0,0,0,0,0,0
22K315,,,,0,0.0,0,0,0,0,0
75K369,,,,0,0.0,0,0,0,0,0
75K721,,,,0,0.0,0,0,0,0,0
75K753,,,,0,0.0,0,0,0,0,0
75K771,,,,0,0.0,0,0,0,0,0
75K811,,,,0,0.0,0,0,0,0,0
75M079,,,,0,0.0,0,0,0,0,0
75M094,,,,0,0.0,0,0,0,0,0
75M169,,,,0,0.0,0,0,0,0,0
75M226,,,,0,0.0,0,0,0,0,0
75M721,,,,0,0.0,0,0,0,0,0
75M811,,,,0,0.0,0,0,0,0,0
75Q004,,,,0,0.0,0,0,0,0,0
24Q016,,,,0,0.0,0,0,0,0,0
75Q023,,,,0,0.0,0,0,0,0,0
28Q086,,,,0,0.0,0,0,0,0,0
75Q177,,,,0,0.0,0,0,0,0,0
30Q222,,,,0,0.0,0,0,0,0,0
75Q224,,,,0,0.0,0,0,0,0,0
75Q233,,,,0,0.0,0,0,0,0,0
75Q255,,,,0,0.0,0,0,0,0,0
75Q256,,,,0,0.0,0,0,0,0,0
75Q811,,,,0,0.0,0,0,0,0,0
75Q993,,,,0,0.0,0,0,0,0,0
75R373,,,,0,0.0,0,0,0,0,0
75X010,,,,0,0.0,0,0,0,0,0
75X012,,,,0,0.0,0,0,0,0,0
08X014,,,,0,0.0,0,0,0,0,0
10X015,,,,0,0.0,0,0,0,0,0
75X017,,,,0,0.0,0,0,0,0,0
10X037,,,,0,0.0,0,0,0,0,0
09X088,,,,0,0.0,0,0,0,0,0
09X114,,,,0,0.0,0,0,0,0,0
08X140,,,,0,0.0,0,0,0,0,0
75X176,,,,0,0.0,0,0,0,0,0
75X188,,,,0,0.0,0,0,0,0,0
75X596,,,,0,0.0,0,0,0,0,0
75X721,,,,0,0.0,0,0,0,0,0
75X811,,,,0,0.0,0,0,0,0,0
23K155,,,,0,0.0,0,0,0,0,0
26Q178,,,,0,0.0,0,0,0,0,0
32K045,,,,0,0.0,0,0,0,0,0
24Q087,,,,0,0.0,0,0,0,0,0
20K104,,,,0,0.0,0,0,0,0,0
24Q113,,,,0,0.0,0,0,0,0,0
29Q116,,,,0,0.0,0,0,0,0,0
24Q119,,,,0,0.0,0,0,0,0,0
23K137,,,,0,0.0,0,0,0,0,0
14K157,,,,0,0.0,0,0,0,0,0
06M187,,,,0,0.0,0,0,0,0,0
29Q208,,,,0,0.0,0,0,0,0,0
06M210,,,,0,0.0,0,0,0,0,0
02M217,,,,0,0.0,0,0,0,0,0
09X218,,,,0,0.0,0,0,0,0,0
07X224,,,,0,0.0,0,0,0,0,0
26Q266,,,,0,0.0,0,0,0,0,0
29Q268,,,,0,0.0,0,0,0,0,0
29Q295,,,,0,0.0,0,0,0,0,0
20K030,,,,0,0.0,0,0,0,0,0
23K323,,,,0,0.0,0,0,0,0,0
10X054,,,,0,0.0,0,0,0,0,0
30Q078,,,,0,0.0,0,0,0,0,0
27Q042,,,,0,0.0,0,0,0,0,0
09X004,,,,0,0.0,0,0,0,0,0
07X029,,,,0,0.0,0,0,0,0,0
07X031,,,,0,0.0,0,0,0,0,0
27Q114,,,,0,0.0,0,0,0,0,0
11X498,,,,0,0.0,0,0,0,0,0
29Q138,,,,0,0.0,0,0,0,0,0
29Q147,,,,0,0.0,0,0,0,0,0
11X194,,,,0,0.0,0,0,0,0,0
25Q200,,,,0,0.0,0,0,0,0,0
10X280,,,,0,0.0,0,0,0,0,0
75X186,,,,0,0.0,0,0,0,0,0
02M298,10002,40.71623,-73.9936,0,272414.0,9477,9733,10321,10028,10121
24Q296,11373,40.74323,-73.8715,0,0.0,18592,19984,21868,21933,20647
12X388,10472,40.83251,-73.8782,0,0.0,18638,18387,18019,17006,17200
04M495,10029,40.79019,-73.9441,0,0.0,15698,14415,14207,13641,14093
15K464,11215,40.66926,-73.9786,0,0.0,15164,15260,16437,16175,15342
17K002,,,,0,0.0,0,0,0,0,0
79X695,,,,0,0.0,0,0,0,0,0
29Q259,11412,40.70599,-73.7529,0,0.0,7609,7340,8159,7946,8484
17K122,11213,40.67591,-73.9393,0,0.0,15552,14948,15665,16216,16175
79Q950,,,,0,0.0,0,0,0,0,0
06M278,,,,0,0.0,0,0,0,0,0
84K651,,,,0,0.0,0,0,0,0,0
11X468,,,,0,0.0,0,0,0,0,0
11X566,,,,0,0.0,0,0,0,0,0
08X320,10461,40.83978,-73.8396,0,0.0,9899,10791,11430,11027,11036
11X542,10469,40.86044,-73.8607,0,0.0,15217,14965,16427,15948,15741
84Q170,,,,0,0.0,0,0,0,0,0
19K507,11207,40.66687,-73.8951,0,0.0,20716,21588,23752,21806,20433
84X185,,,,0,0.0,0,0,0,0,0
24Q307,,,,0,0.0,0,0,0,0,0
31R445,10302,40.63556,-74.1419,0,0.0,4355,4417,4575,4407,4806
31R068,,,,0,0.0,0,0,0,0,0
15K863,,,,0,0.0,0,0,0,0,0
29Q283,11413,40.66903,-73.7577,0,0.0,8786,8475,9381,9026,9405
22K630,11235,40.59316,-73.9366,0,0.0,14390,13781,15047,14176,13916
02M408,10036,40.76133,-73.9887,0,0.0,2074,1861,2097,2108,2119
06M178,,,,0,0.0,0,0,0,0,0
14K474,11211,40.71113,-73.9389,0,0.0,25215,26359,13969,13921,13524
10X319,,,,0,0.0,0,0,0,0,0
28Q080,,,,0,0.0,0,0,0,0,0
10X020,,,,0,0.0,0,0,0,0,0
30Q280,,,,0,0.0,0,0,0,0,0
13K009,,,,0,0.0,0,0,0,0,0
08X562,,,,0,0.0,0,0,0,0,0
25Q540,,,,0,0.0,0,0,0,0,0
28Q310,11432,40.71455,-73.7987,0,0.0,13444,13662,14054,13440,13626
27Q316,,,,0,0.0,0,0,0,0,0
28Q680,11432,40.71803,-73.8059,0,0.0,13444,13662,14054,13440,13626
27Q302,11691,40.60154,-73.764,0,0.0,20928,20909,22035,20933,19479
25Q241,11354,40.76489,-73.8268,0,0.0,8492,7965,7791,7283,7109
28Q687,11433,40.70088,-73.7984,0,0.0,9008,8571,10640,9581,9527
26Q566,11426,40.7442,-73.7288,0,0.0,4533,4450,4085,3471,3652
28Q686,11375,40.70843,-73.8555,0,0.0,13664,13015,14100,13563,14206
29Q248,11413,40.66903,-73.7577,0,0.0,8786,8475,9381,9026,9405
28Q338,,,,0,0.0,0,0,0,0,0
25Q252,11366,40.7242,-73.8094,0,0.0,2899,2702,2631,2535,2368
24Q600,11101,40.74166,-73.928,0,0.0,5611,5773,5762,5053,5688
75Q752,,,,0,0.0,0,0,0,0,0
29Q289,,,,0,0.0,0,0,0,0,0
02M422,10011,40.74341,-74.0025,0,0.0,4552,4491,4879,4793,4471
21K344,11224,40.58252,-73.972,0,0.0,9028,8524,9547,9410,10555
20K170,,,,0,0.0,0,0,0,0,0
31R600,10301,40.64282,-74.0793,0,0.0,7807,7902,7625,8349,8721
15K676,,,,0,0.0,0,0,0,0,0
28Q332,,,,0,0.0,0,0,0,0,0
84Q705,,,,0,0.0,0,0,0,0,0
84Q414,,,,0,0.0,0,0,0,0,0
08X293,10461,40.83978,-73.8396,0,0.0,9899,10791,11430,11027,11036
04M377,,,,0,0.0,0,0,0,0,0
02M531,10036,40.75609,-73.9844,0,0.0,2074,1861,2097,2108,2119
16K669,,,,0,0.0,0,0,0,0,0
79M973,,,,0,0.0,0,0,0,0,0
13K301,,,,0,0.0,0,0,0,0,0
02M580,10004,40.70569,-74.0133,0,0.0,382,244,990,840,776
27Q475,11418,40.69517,-73.8338,0,0.0,8975,8677,8312,8383,7994
84R083,,,,0,0.0,0,0,0,0,0
04M037,,,,0,0.0,0,0,0,0,0
10X141,10463,40.88741,-73.9141,0,0.0,15209,14664,15827,15267,15362
23K446,,,,0,0.0,0,0,0,0,0
23K668,,,,0,0.0,0,0,0,0,0
84Q341,,,,0,0.0,0,0,0,0,0
75Q075,,,,0,0.0,0,0,0,0,0
25Q670,11366,40.72528,-73.8114,0,0.0,2899,2702,2631,2535,2368
24Q560,11101,40.74222,-73.9364,0,0.0,5611,5773,5762,5053,5688
27Q308,11417,40.67091,-73.846,0,0.0,6901,7257,8292,7428,6745
84Q342,,,,0,0.0,0,0,0,0,0
27Q351,11694,40.58601,-73.8253,0,0.0,4075,4453,4633,4844,4923
27Q324,11694,40.58601,-73.8253,0,0.0,4075,4453,4633,4844,4923
17K484,,,,0,0.0,0,0,0,0,0
84X486,,,,0,0.0,0,0,0,0,0
10X535,,,,0,0.0,0,0,0,0,0
12X458,,,,0,0.0,0,0,0,0,0
02M570,,,,0,0.0,0,0,0,0,0
27Q323,11694,40.58454,-73.8252,0,0.0,4075,4453,4633,4844,4923
19K683,11208,40.67002,-73.8745,0,0.0,27510,27624,29442,28716,28382
79M645,,,,0,0.0,0,0,0,0,0
10X386,,,,0,0.0,0,0,0,0,0
09X404,10456,40.82746,-73.9039,0,0.0,25983,24695,24654,23966,24039
01M378,,,,0,0.0,0,0,0,0,0
17K531,11203,40.65867,-73.9438,0,0.0,15813,15765,15236,14669,14275
84M295,,,,0,0.0,0,0,0,0,0
05M371,,,,0,0.0,0,0,0,0,0
20K971,,,,0,0.0,0,0,0,0,0
12X217,,,,0,0.0,0,0,0,0,0
22K152,,,,0,0.0,0,0,0,0,0
19K663,,,,0,0.0,0,0,0,0,0
02M413,10010,40.73912,-73.9853,0,0.0,4563,4603,4318,4414,4066
08X348,10461,40.83978,-73.8396,0,0.0,9899,10791,11430,11027,11036
09X454,,,,0,0.0,0,0,0,0,0
13K419,11201,40.69733,-73.9845,0,0.0,10847,11509,12569,12300,11344
17K543,11226,40.6496,-73.9572,0,0.0,22108,20534,19770,18944,18479
09X457,,,,0,0.0,0,0,0,0,0
75K396,,,,0,0.0,0,0,0,0,0
84M702,,,,0,0.0,0,0,0,0,0
02M340,,,,0,0.0,0,0,0,0,0
08X448,,,,0,0.0,0,0,0,0,0
07X296,,,,0,0.0,0,0,0,0,0
84X309,,,,0,0.0,0,0,0,0,0
84X346,,,,0,0.0,0,0,0,0,0
84X364,,,,0,0.0,0,0,0,0,0
84X489,,,,0,0.0,0,0,0,0,0
84X588,,,,0,0.0,0,0,0,0,0
84X581,,,,0,0.0,0,0,0,0,0
84X492,,,,0,0.0,0,0,0,0,0
09X593,,,,0,0.0,0,0,0,0,0
07X221,10454,40.81361,-73.9209,0,0.0,10695,10884,11155,10915,10577
15K698,,,,0,0.0,0,0,0,0,0
75R025,,,,0,0.0,0,0,0,0,0
31R058,,,,0,0.0,0,0,0,0,0
03M859,10023,40.77526,-73.983,0,0.0,8483,8579,9261,9257,9970
19K422,11208,,,0,0.0,27510,27624,29442,28716,28382
02M397,,,,0,0.0,0,0,0,0,0
84M388,,,,0,0.0,0,0,0,0,0
84R088,,,,0,0.0,0,0,0,0,0
31R861,,,,0,0.0,0,0,0,0,0
31R605,10306,40.5683,-74.1171,0,0.0,10110,11081,11777,11984,12200
03M241,,,,0,0.0,0,0,0,0,0
02M139,10019,40.76366,-73.9903,0,0.0,3451,3057,2934,2766,2716
84X497,,,,0,0.0,0,0,0,0,0
84M383,,,,0,0.0,0,0,0,0,0
02M475,10282,40.71803,-74.0139,0,0.0,1926,1841,1893,1825,1571
84K367,,,,0,0.0,0,0,0,0,0
84K125,,,,0,0.0,0,0,0,0,0
84K883,,,,0,0.0,0,0,0,0,0
84K772,,,,0,0.0,0,0,0,0,0
84K781,,,,0,0.0,0,0,0,0,0
84X493,,,,0,0.0,0,0,0,0,0
84X494,,,,0,0.0,0,0,0,0,0
84X380,,,,0,0.0,0,0,0,0,0
84X464,,,,0,0.0,0,0,0,0,0
84K882,,,,0,0.0,0,0,0,0,0
84K129,,,,0,0.0,0,0,0,0,0
84K741,,,,0,0.0,0,0,0,0,0
84Q375,,,,0,0.0,0,0,0,0,0
84K886,,,,0,0.0,0,0,0,0,0
84K752,,,,0,0.0,0,0,0,0,0
84M351,,,,0,0.0,0,0,0,0,0
84M384,,,,0,0.0,0,0,0,0,0
84M385,,,,0,0.0,0,0,0,0,0
84M386,,,,0,0.0,0,0,0,0,0
84M482,,,,0,0.0,0,0,0,0,0
84M357,,,,0,0.0,0,0,0,0,0
84M170,,,,0,0.0,0,0,0,0,0
84M358,,,,0,0.0,0,0,0,0,0
84K756,,,,0,0.0,0,0,0,0,0
84Q337,,,,0,0.0,0,0,0,0,0
84Q374,,,,0,0.0,0,0,0,0,0
84Q339,,,,0,0.0,0,0,0,0,0
84M174,,,,0,0.0,0,0,0,0,0
84M523,,,,0,0.0,0,0,0,0,0
84M265,,,,0,0.0,0,0,0,0,0
84K182,,,,0,0.0,0,0,0,0,0
84X637,,,,0,0.0,0,0,0,0,0
84X638,,,,0,0.0,0,0,0,0,0
84K730,,,,0,0.0,0,0,0,0,0
15K516,,,,0,0.0,0,0,0,0,0
15K667,11232,40.65558,-74.0043,0,0.0,5402,5506,5940,5620,4951
15K821,,,,0,0.0,0,0,0,0,0
20K939,,,,0,0.0,0,0,0,0,0
31R460,10314,40.58899,-74.1308,0,0.0,19428,19163,19965,20137,19404
04M012,,,,0,0.0,0,0,0,0,0
02M519,10065,40.76564,-73.9598,0,0.0,4258,4775,5155,5136,5075
05M517,,,,0,0.0,0,0,0,0,0
23K697,11212,40.66557,-73.9121,0,0.0,16247,15904,17099,19387,21853
30Q300,,,,0,0.0,0,0,0,0,0
02M347,,,,0,0.0,0,0,0,0,0
28Q303,,,,0,0.0,0,0,0,0,0
20K682,,,,0,0.0,0,0,0,0,0
32K552,11237,40.69646,-73.9118,0,0.0,10015,8573,8769,7496,6454
25Q244,,,,0,0.0,0,0,0,0,0
03M334,,,,0,0.0,0,0,0,0,0
10X391,,,,0,0.0,0,0,0,0,0
31R053,,,,0,0.0,0,0,0,0,0
29Q135,,,,0,0.0,0,0,0,0,0
04M182,,,,0,0.0,0,0,0,0,0
15K497,11201,40.68501,-73.9933,0,0.0,10847,11509,12569,12300,11344
10X445,10468,40.87996,-73.889,0,0.0,21333,20905,22105,21512,20563
08X375,,,,0,0.0,0,0,0,0,0
75X469,,,,0,0.0,0,0,0,0,0
10X331,,,,0,0.0,0,0,0,0,0
10X051,,,,0,0.0,0,0,0,0,0
11X514,10466,40.88824,-73.8527,0,0.0,17073,16360,17106,16866,18278
16K688,11221,40.69147,-73.9323,0,0.0,16185,16512,16496,15769,15454
16K898,,,,0,0.0,0,0,0,0,0
15K146,,,,0,0.0,0,0,0,0,0
32K168,11237,40.69646,-73.9118,0,0.0,10015,8573,8769,7496,6454
32K549,11237,40.69646,-73.9118,0,0.0,10015,8573,8769,7496,6454
24Q343,,,,0,0.0,0,0,0,0,0
01M361,,,,0,0.0,0,0,0,0,0
20K187,,,,0,0.0,0,0,0,0,0
12X478,10472,40.83251,-73.8782,0,0.0,18638,18387,18019,17006,17200
26Q390,,,,0,0.0,0,0,0,0,0
02M260,10003,40.73653,-73.9927,0,85403.0,3374,3923,3721,3866,3792
06M462,10040,40.85653,-73.9261,0,0.0,7895,8175,8043,7658,6566
75R037,,,,0,0.0,0,0,0,0,0
08X119,,,,0,0.0,0,0,0,0,0
31R028,,,,0,0.0,0,0,0,0,0
19K953,,,,0,0.0,0,0,0,0,0
01M315,,,,0,0.0,0,0,0,0,0
28Q287,,,,0,0.0,0,0,0,0,0
13K008,,,,0,0.0,0,0,0,0,0
84X488,,,,0,0.0,0,0,0,0,0
84M430,,,,0,0.0,0,0,0,0,0
28Q335,,,,0,0.0,0,0,0,0,0
09X443,,,,0,0.0,0,0,0,0,0
19K325,,,,0,0.0,0,0,0,0,0
03M403,10024,40.78613,-73.9745,0,0.0,9713,10381,11941,11023,10463
29Q270,,,,0,0.0,0,0,0,0,0
23K284,,,,0,0.0,0,0,0,0,0
31R059,,,,0,0.0,0,0,0,0,0
30Q398,,,,0,0.0,0,0,0,0,0
02M655,10128,40.78329,-73.9459,0,0.0,8612,8020,7882,7684,7953
14K478,11211,40.71113,-73.9389,0,0.0,25215,26359,13969,13921,13524
17K528,11225,40.66981,-73.9607,0,0.0,10174,9657,10247,9790,9665
02M399,10003,40.73536,-73.9871,0,85403.0,3374,3923,3721,3866,3792
02M600,10011,40.74568,-73.9964,0,0.0,4552,4491,4879,4793,4471
09X361,,,,0,0.0,0,0,0,0,0
30Q228,,,,0,0.0,0,0,0,0,0
26Q115,,,,0,0.0,0,0,0,0,0
28Q354,,,,0,0.0,0,0,0,0,0
22K853,,,,0,0.0,0,0,0,0,0
04M310,,,,0,0.0,0,0,0,0,0
79M331,,,,0,0.0,0,0,0,0,0
31R062,,,,0,0.0,0,0,0,0,0
07X223,10454,40.81361,-73.9209,0,0.0,10695,10884,11155,10915,10577
04M072,,,,0,0.0,0,0,0,0,0
15K767,,,,0,0.0,0,0,0,0,0
03M185,,,,0,0.0,0,0,0,0,0
08X333,,,,0,0.0,0,0,0,0,0
20K201,,,,0,0.0,0,0,0,0,0
10X237,10463,40.87564,-73.9016,0,0.0,15209,14664,15827,15267,15362
15K447,,,,0,0.0,0,0,0,0,0
11X483,,,,0,0.0,0,0,0,0,0
15K118,,,,0,0.0,0,0,0,0,0
03M299,10023,40.77489,-73.9856,0,0.0,8483,8579,9261,9257,9970
12X521,10472,40.83251,-73.8782,0,0.0,18638,18387,18019,17006,17200
31R080,10301,40.60764,-74.1059,0,0.0,7807,7902,7625,8349,8721
18K581,,,,0,0.0,0,0,0,0,0
06M223,,,,0,0.0,0,0,0,0,0
09X274,,,,0,0.0,0,0,0,0,0
10X244,,,,0,0.0,0,0,0,0,0
02M343,,,,0,0.0,0,0,0,0,0
25Q499,,,,0,0.0,0,0,0,0,0
28Q349,,,,0,0.0,0,0,0,0,0
27Q253,,,,0,0.0,0,0,0,0,0
75R721,,,,0,0.0,0,0,0,0,0
31R066,,,,0,0.0,0,0,0,0,0
02M281,,,,0,0.0,0,0,0,0,0
03M191,,,,0,0.0,0,0,0,0,0
75Q277,,,,0,0.0,0,0,0,0,0
20K310,,,,0,0.0,0,0,0,0,0
08X337,,,,0,0.0,0,0,0,0,0
15K896,,,,0,0.0,0,0,0,0,0
17K354,,,,0,0.0,0,0,0,0,0
12X300,,,,0,0.0,0,0,0,0,0
18K366,,,,0,0.0,0,0,0,0,0
20K180,,,,0,0.0,0,0,0,0,0
01M063,,,,0,0.0,0,0,0,0,0
11X481,,,,0,0.0,0,0,0,0,0
31R041,,,,0,0.0,0,0,0,0,0
07X551,10451,40.81368,-73.926,0,0.0,12321,12131,11998,12642,11031
19K764,11208,40.693,-73.8693,0,0.0,27510,27624,29442,28716,28382
02M135,10038,40.71144,-74.0009,0,0.0,3030,3774,3363,3172,3327
05M157,10035,40.80702,-73.9387,0,0.0,6622,7310,7988,8206,8113
03M402,10024,40.78613,-73.9745,0,0.0,9713,10381,11941,11023,10463
13K483,11201,40.69463,-73.9883,0,0.0,10847,11509,12569,12300,11344
13K351,,,,0,0.0,0,0,0,0,0
75X352,,,,0,0.0,0,0,0,0,0
09X294,,,,0,0.0,0,0,0,0,0
31R084,,,,0,0.0,0,0,0,0,0
06M368,,,,0,0.0,0,0,0,0,0
14K454,11206,40.70977,-73.9445,0,0.0,24976,24502,25763,24655,24192
15K154,,,,0,0.0,0,0,0,0,0
30Q361,,,,0,0.0,0,0,0,0,0
31R085,,,,0,0.0,0,0,0,0,0
10X225,10457,40.85426,-73.8974,0,0.0,22636,23171,24307,23525,22466
28Q620,11432,40.71607,-73.7997,0,0.0,13444,13662,14054,13440,13626
10X045,,,,0,0.0,0,0,0,0,0
05M670,10030,40.81524,-73.9443,0,0.0,6092,5908,6376,5793,5977
05M318,,,,0,0.0,0,0,0,0,0
01M839,,,,0,0.0,0,0,0,0,0
31R455,10312,40.52815,-74.1934,0,0.0,13848,13729,14635,14031,14720
25Q525,11367,40.73704,-73.8215,0,0.0,10127,9832,9969,10615,10170
19K615,11208,40.67878,-73.8753,0,0.0,27510,27624,29442,28716,28382
02M533,10003,40.73536,-73.9871,0,85403.0,3374,3923,3721,3866,3792
02M500,10016,40.74651,-73.9811,0,0.0,3912,4717,5246,4859,4745
84K757,,,,0,0.0,0,0,0,0,0
07X495,10455,40.81804,-73.9116,0,0.0,12201,11492,12183,12476,11376
01M448,10002,40.71227,-73.9841,0,272414.0,9477,9733,10321,10028,10121
01M332,,,,0,0.0,0,0,0,0,0
84X393,,,,0,0.0,0,0,0,0,0
84X615,,,,0,0.0,0,0,0,0,0
02M565,,,,0,0.0,0,0,0,0,0
18K642,11236,40.64054,-73.8986,0,0.0,22945,22174,22914,21790,20165
05M286,,,,0,0.0,0,0,0,0,0
02M305,10002,40.71733,-73.9893,0,272414.0,9477,9733,10321,10028,10121
84X597,,,,0,0.0,0,0,0,0,0
02M507,10019,40.76366,-73.9903,0,0.0,3451,3057,2934,2766,2716
13K527,11201,40.69463,-73.9883,0,0.0,10847,11509,12569,12300,11344
02M282,10038,40.71144,-74.0009,0,0.0,3030,3774,3363,3172,3327
02M551,10004,40.68949,-74.0189,0,0.0,382,244,990,840,776
09X241,10457,40.83951,-73.9018,0,0.0,22636,23171,24307,23525,22466
20K609,11204,40.6351,-73.9824,0,0.0,21546,21919,23627,24145,25677
03M307,10023,40.77489,-73.9856,0,0.0,8483,8579,9261,9257,9970
05M369,10027,40.81575,-73.9555,0,0.0,11463,11258,11660,11935,11628
02M316,10004,40.70569,-74.0133,0,0.0,382,244,990,840,776
02M300,10019,40.76547,-73.9927,0,0.0,3451,3057,2934,2766,2716
13K350,11201,40.69733,-73.9845,0,0.0,10847,11509,12569,12300,11344
84K417,,,,0,0.0,0,0,0,0,0
84X610,,,,0,0.0,0,0,0,0,0
08X371,,,,0,0.0,0,0,0,0,0
12X463,,,,0,0.0,0,0,0,0,0
84Q387,,,,0,0.0,0,0,0,0,0
09X263,10457,40.83951,-73.9018,0,0.0,22636,23171,24307,23525,22466
19K654,,,,0,0.0,0,0,0,0,0
02M449,10065,40.76564,-73.9598,0,0.0,4258,4775,5155,5136,5075
25Q240,11354,40.76489,-73.8268,0,0.0,8492,7965,7791,7283,7109
18K576,11236,40.63445,-73.9169,0,0.0,22945,22174,22914,21790,20165
27Q319,,,,0,0.0,0,0,0,0,0
19K661,,,,0,0.0,0,0,0,0,0
84Q304,,,,0,0.0,0,0,0,0,0
27Q261,,,,0,0.0,0,0,0,0,0
24Q744,,,,0,0.0,0,0,0,0,0
19K660,11207,40.67377,-73.896,0,0.0,20716,21588,23752,21806,20433
03M415,10026,40.80261,-73.9542,0,0.0,7267,7464,7791,7460,7007
06M366,,,,0,0.0,0,0,0,0,0
06M348,10033,40.84931,-73.931,0,0.0,10405,10033,10034,10011,8937
27Q317,,,,0,0.0,0,0,0,0,0
27Q318,,,,0,0.0,0,0,0,0,0
27Q362,,,,0,0.0,0,0,0,0,0
10X243,10458,40.85947,-73.8886,0,0.0,23389,23063,23286,21249,19679
15K529,,,,0,0.0,0,0,0,0,0
03M291,,,,0,0.0,0,0,0,0,0
03M421,,,,0,0.0,0,0,0,0,0
08X558,10461,40.83978,-73.8396,0,0.0,9899,10791,11430,11027,11036
84M338,,,,0,0.0,0,0,0,0,0
16K057,,,,0,0.0,0,0,0,0,0
84X633,,,,0,0.0,0,0,0,0,0
30Q445,11103,40.75707,-73.9112,0,0.0,4975,4545,4658,4301,4692
21K620,11235,40.58326,-73.9638,0,0.0,14390,13781,15047,14176,13916
84K473,,,,0,0.0,0,0,0,0,0
84K355,,,,0,0.0,0,0,0,0,0
14K558,11211,40.71556,-73.9548,0,0.0,25215,26359,13969,13921,13524
14K561,11211,40.71556,-73.9548,0,0.0,25215,26359,13969,13921,13524
12X684,10460,40.84138,-73.8753,0,0.0,15989,15740,15337,15700,16203
08X282,10473,40.81504,-73.8561,0,0.0,15052,14306,14139,13602,12983
19K510,11207,40.66687,-73.8951,0,0.0,20716,21588,23752,21806,20433
25Q285,11358,40.76488,-73.7894,0,0.0,6313,6959,7337,6988,6915
10X353,10468,40.87996,-73.889,0,0.0,21333,20905,22105,21512,20563
79K925,,,,0,0.0,0,0,0,0,0
79M379,,,,0,0.0,0,0,0,0,0
28Q284,11433,40.69691,-73.7864,0,0.0,9008,8571,10640,9581,9527
02M151,,,,0,0.0,0,0,0,0,0
02M177,,,,0,0.0,0,0,0,0,0
07X369,,,,0,0.0,0,0,0,0,0
11X357,,,,0,0.0,0,0,0,0,0
04M610,10029,40.79293,-73.9472,0,0.0,15698,14415,14207,13641,14093
14K614,11206,40.70501,-73.9388,0,0.0,24976,24502,25763,24655,24192
09X568,10453,40.84855,-73.909,0,0.0,22678,21380,21783,21673,20105
30Q286,11102,40.77077,-73.9238,0,0.0,4287,3807,4112,3772,4083
28Q896,11432,40.70841,-73.8042,0,0.0,13444,13662,14054,13440,13626
84X631,,,,0,0.0,0,0,0,0,0
84X632,,,,0,0.0,0,0,0,0,0
84M373,,,,0,0.0,0,0,0,0,0
84X609,,,,0,0.0,0,0,0,0,0
